token_address,label,price_t0,max_price_30m,age_seconds,liquidity_usd,volume_5m,volume_1h,volume_change_1m,price_change_5m,price_change_1h,buy_pressure_5m,buy_pressure_1h,buy_sell_ratio,tx_velocity_per_hour,fdv,liq_to_mcap
EjwmeZ1pa1grBdoyajnigUHGLFLA6E1nk5fbRYf4pump,0,8.265e-05,8.265e-05,300,22920.45,5634.36,56588.7,1.5,-0.12,127.0,0.633329111139259,0.6434558360269832,1.8047016359961507,1800,82650.0,0.2773194158824027
6XjY7mBgYNEV8tk6NxybMF1RdkSuWopCSHW9ejJ5DHwn,0,5.73e-05,6.757e-05,300,19078.15,730.43,37872.66,1.5,0.17,79.84,0.5172235440157236,0.587576909842348,1.4246945039322172,348,57306.0,0.3329171407371455
H43YFUx48FccaJMWnEyv487oWmpEhDrpuUNfWzsYpump,0,1.859e-05,3.535e-05,300,10943.91,5135.14,156098.67,1.5,22.16,-49.7,0.5263111727090113,0.606162588790903,1.5391188636192765,1368,18593.0,0.5886037439572019
8Qd6MW2pQrvjvLxUP7dTLMbkDxZr24JU7Dn6tAntpump,0,2.753e-05,2.753e-05,300,13755.22,13392.46,302216.88,1.5,-8.21,-73.45,0.5760848692577202,0.5026657466405624,1.0107201409215458,3312,26940.0,0.5105872119306899
DBT5vdmZGmNBYuAa2cvLdktugYtr7oAEGbAvjvrXpump,0,4.128e-05,4.805e-05,300,16301.04,864.21,31371.75,1.5,3.17,40.22,0.4666511116296123,0.5589562823624916,1.2673489271235807,360,41289.0,0.39480344898632935
2G8Qajwkb5Rjc6HjbnN7VocfeKSh8x5UzNf6kmcapump,0,0.0001657,0.0001687,300,33337.63,5185.18,123787.72,1.5,-7.38,114.0,0.5038720630072635,0.5360176572627932,1.1552544308057562,1548,165786.0,0.20108832952668904
ERPkkdbipNZzn3HqhaxkDF34k3X3FcCbWwaosR6pump,0,0.0001726,0.0001726,300,39648.01,81625.11,1181133.13,1.5,5.04,-67.14,0.4303132140128798,0.4374695301102332,0.7776814830954125,13776,172622.0,0.22968109377900217
EHCQVTn6TH2u1u6uGDfcKgsg9rKcXum87tJgiF5mpump,0,2.463e-06,2.476e-06,300,4197.75,0.0,403.62,1.5,0.0,-2.19,0.0,0.4073923188030073,0.6874570339353789,0,2463.0,1.7043233031574083
pixvL7orpc8AfVUmeQ3kJZ588EegnXSQd7UW4TcVzDk,0,0.0002691,0.0002728,300,41719.86,306.43,2517.51,1.5,1.81,2.22,0.5246897386119179,0.5147568327350623,1.0608224236035673,3888,255277.0,0.16342976389008895
4WQvGXLaB7WLNxoo7jfHxEZCjUAWbwpHnS3arS8Bpump,0,0.0001185,0.0001221,300,27448.38,0.0,2337.91,1.5,0.0,-13.84,0.0,0.42306065151340333,0.7332844477034864,0,118569.0,0.2314971010002859
2njfeqUXyqBu5wFfuYvFCpcwERNXf1iqrkfmMNgHpump,0,0.001942,0.002013,300,118518.38,26919.88,389412.66,1.5,9.77,-5.61,0.6403136746495073,0.6542351389895521,1.8921388861714998,3036,1942060.0,0.061027146400715146
4xFcvQ46GNH47Rhetk9cUGHGzWiQENp4DQRhJEFMpump,0,0.0009488,0.001219,300,79102.31,3538.47,138931.04,1.5,1.07,-7.04,0.6896432820123791,0.7215249766558071,2.5909863225471668,696,948873.0,0.08336448599194572
DD2xUzFzrg7Hx2DymyoqMjyVqaXfRwocaZjSXEtbpump,1,6.282e-05,0.0001531,300,20300.65,35040.4,224953.26,1.5,65.04,72.35,0.6353732852064147,0.6024652281346982,1.515503223297492,8820,62827.0,0.32311983186974025
BsLHJ1ukwXLSDFMeXGnaze1kJNP6A6vThaV5QtcnstzU,0,5.032e-05,8.718e-05,300,21670.69,35.39,35.39,1.5,0.0,0.0,0.9990009990009991,0.9990009990009991,1000.0,12,50327.0,0.4305976825442072
hkCgaKwvU6htKGiB3fdVynq4dMHKznNgt9RF2wQpump,0,0.001916,0.002112,300,110820.41,5360.35,74316.86,1.5,4.39,16.67,0.6190417234121579,0.6145992036113002,1.5947014364532863,1260,1916929.0,0.057811431692143304
6AZFhH8muXh3kpH7Kxp9b4WqaMCyDsWPAihU6eA4pump,0,0.0001476,0.0001476,300,30727.06,72867.6,105016.3,1.5,43.43,298.0,0.528157491388902,0.5572810123485317,1.2587691693658567,7884,147620.0,0.2081497073015194
EjwmeZ1pa1grBdoyajnigUHGLFLA6E1nk5fbRYf4pump,0,5.282e-05,7.541e-05,300,18540.73,6350.71,116532.94,1.5,2.51,44.88,0.6186388250947026,0.6203661609006558,1.6341171334263374,1416,52823.0,0.350997286201138
F1srbXQBVoc1DffymhQc2ve7LBqhCHxm61KU3LTipump,0,6.616e-05,8.287e-05,300,20714.75,4714.51,92037.93,1.5,-6.44,81.18,0.4770823394117929,0.5493904588228162,1.2192162140809863,5760,66162.0,0.31309134679889744
DD2xUzFzrg7Hx2DymyoqMjyVqaXfRwocaZjSXEtbpump,0,0.0001664,0.0002444,300,33837.54,27348.27,497256.51,1.5,5.95,357.0,0.5350546924296526,0.5932668450704822,1.4586144204872813,9756,166490.0,0.20324067389488457
6XjY7mBgYNEV8tk6NxybMF1RdkSuWopCSHW9ejJ5DHwn,0,6.973e-05,7.609e-05,300,21164.27,511.5,23985.63,1.5,3.23,54.77,0.6956219294813268,0.5724128061848169,1.3387042794182282,276,69731.0,0.30351306730847016
H43YFUx48FccaJMWnEyv487oWmpEhDrpuUNfWzsYpump,1,2.803e-05,8.755e-05,300,13509.87,3268.27,60178.35,1.5,-7.76,-33.41,0.654533553935383,0.592504109158769,1.454012475894196,660,27007.0,0.5002358462533475
8Qd6MW2pQrvjvLxUP7dTLMbkDxZr24JU7Dn6tAntpump,0,2.058e-05,2.235e-05,300,11949.39,994.66,69421.25,1.5,-7.61,-62.33,0.4615266275223712,0.5789470809597413,1.374998378539648,468,20134.0,0.5934930667779345
DBT5vdmZGmNBYuAa2cvLdktugYtr7oAEGbAvjvrXpump,0,4.816e-05,4.976e-05,300,17713.25,2207.54,23065.01,1.5,-1.31,75.38,0.5652051042368644,0.5370695532196145,1.160151718157351,552,48166.0,0.3677542173368306
2G8Qajwkb5Rjc6HjbnN7VocfeKSh8x5UzNf6kmcapump,0,0.0001311,0.0001504,300,29897.86,4618.53,112825.07,1.5,3.95,12.67,0.6029367431121829,0.5374115118063474,1.1617485638366594,1632,131160.0,0.22794952555695697
BsLHJ1ukwXLSDFMeXGnaze1kJNP6A6vThaV5QtcnstzU,0,9.338e-05,0.0001257,300,29677.27,13728.45,58405.73,1.5,5.79,85.56,0.5331795579415151,0.5506231667714879,1.2253038564885057,5244,93387.0,0.3177880184844998
ERPkkdbipNZzn3HqhaxkDF34k3X3FcCbWwaosR6pump,0,4.221e-05,4.571e-05,300,20476.42,46550.08,1138965.38,1.5,-9.1,-85.98,0.37994296618225115,0.4137231014190436,0.7056786689368665,8496,42214.0,0.4850622901155472
EHCQVTn6TH2u1u6uGDfcKgsg9rKcXum87tJgiF5mpump,0,2.147e-06,2.147e-06,300,3946.11,35.69,216.71,1.5,-1.07,-12.35,0.0,0.29997000299970006,0.428510212826739,12,2148.0,1.8371080832830151
6AZFhH8muXh3kpH7Kxp9b4WqaMCyDsWPAihU6eA4pump,0,2.804e-06,2.804e-06,300,4351.89,1065.45,423737.01,1.5,-0.76,-92.43,0.5714169098589825,0.4713851422881411,0.8917364606976048,588,2805.0,1.5514753827182237
EjwmeZ1pa1grBdoyajnigUHGLFLA6E1nk5fbRYf4pump,0,7.126e-05,7.321e-05,300,21524.93,7360.89,73818.86,1.5,-18.01,23.03,0.6809774173164581,0.6130786014450944,1.5845042526333581,1956,71265.0,0.30204068894912384
6gh8b2mqUrVb6Ew8Mwt89tNyN9keCDNstzT5cdp5pump,0,0.0001334,0.000183,300,53653.2,3076.58,11586.79,1.5,21.19,121.0,0.5384477321094331,0.5504536655627013,1.2244648068406767,468,133408.0,0.4021737796670831
F1srbXQBVoc1DffymhQc2ve7LBqhCHxm61KU3LTipump,0,8.343e-05,8.509e-05,300,23319.5,8730.47,79937.08,1.5,3.27,63.35,0.4921375909786306,0.5076199248511715,1.0309513939972825,7632,83437.0,0.27948631566947135
DD2xUzFzrg7Hx2DymyoqMjyVqaXfRwocaZjSXEtbpump,0,0.0001415,0.0001746,300,31538.13,31441.07,405821.36,1.5,-16.11,15.88,0.6060983404087161,0.6005519226723162,1.5034542829446607,9444,141525.0,0.2228449374821061
BsLHJ1ukwXLSDFMeXGnaze1kJNP6A6vThaV5QtcnstzU,0,0.0001107,0.0001409,300,32504.13,10978.54,150034.16,1.5,-3.31,83.76,0.522786802180155,0.543212243189845,1.1892005315186427,4476,110790.0,0.293385050154481
6XjY7mBgYNEV8tk6NxybMF1RdkSuWopCSHW9ejJ5DHwn,0,3.493e-05,4.65e-05,300,14971.82,2000.49,17210.98,1.5,-24.62,-41.29,0.5172324615092844,0.5889818030046546,1.4329823042149268,696,34938.0,0.42852537556456083
H43YFUx48FccaJMWnEyv487oWmpEhDrpuUNfWzsYpump,0,8.95e-05,8.95e-05,300,24218.95,10710.33,79027.9,1.5,10.04,286.0,0.6363610067726992,0.5959918577945328,1.4751976396837765,2904,86228.0,0.2808710595065285
8Qd6MW2pQrvjvLxUP7dTLMbkDxZr24JU7Dn6tAntpump,0,1.631e-05,1.693e-05,300,10621.79,3010.36,22275.66,1.5,-7.7,-16.92,0.5324606173945793,0.56973609245251,1.3241549720031438,924,14283.0,0.7436665445868135
7XyEECBvwdoDz35cSdBtUU4tv5gBbATPEGe3DS7Lpump,0,6.459e-05,9.714e-05,300,20275.43,46077.23,46077.23,1.5,74.78,74.78,0.7858483152374385,0.7858483152374385,3.6695873586459973,12720,64598.0,0.3138708580161792
6AZFhH8muXh3kpH7Kxp9b4WqaMCyDsWPAihU6eA4pump,0,2.117e-06,2.389e-06,300,3774.06,63.97,237012.93,1.5,0.0,-97.76,0.7998400319936012,0.458721775916485,0.8474787189031787,60,2118.0,1.7818971756859414
4JvgACrbHrLWvFmHkTLo7CnhfQAqrpAMgMe4fXgMpump,0,3.338e-05,4.901e-05,300,14507.63,3934.77,3934.77,1.5,-9.56,-9.56,0.6323436420052646,0.6323436420052646,1.7199312027518898,816,33381.0,0.43460739838209167
6gh8b2mqUrVb6Ew8Mwt89tNyN9keCDNstzT5cdp5pump,0,0.0001473,0.000148,300,56293.28,1971.55,109257.94,1.5,-0.22,144.0,0.5405259317315748,0.5648974980428587,1.2983090088011093,444,147295.0,0.3821805194868766
DD2xUzFzrg7Hx2DymyoqMjyVqaXfRwocaZjSXEtbpump,0,0.0001295,0.0001598,300,30205.1,12342.49,258597.25,1.5,-13.22,-42.24,0.6933314844493749,0.6250543438736618,1.6670531680010963,4500,129532.0,0.2331863922954452
EjwmeZ1pa1grBdoyajnigUHGLFLA6E1nk5fbRYf4pump,0,7.044e-05,7.649e-05,300,21347.26,538.25,38245.15,1.5,-1.13,53.06,0.42306065151340333,0.6050047823669398,1.5316762212776274,312,70445.0,0.3030344197170215
becsHPBa2f9rm7qhevDogxgnpBZnWHdh3eEa779pump,0,9.723e-05,0.0001368,300,25258.8,54670.89,248739.84,1.5,17.79,164.0,0.4471048959982116,0.5316912235815923,1.1353432827971517,6012,97233.0,0.2597759993029527
F1srbXQBVoc1DffymhQc2ve7LBqhCHxm61KU3LTipump,0,8.851e-05,0.0001095,300,24026.26,7163.54,105802.91,1.5,7.0,34.57,0.5112436113289186,0.4990369888935098,0.9961553604352418,8004,88514.0,0.27144022107869686
7XyEECBvwdoDz35cSdBtUU4tv5gBbATPEGe3DS7Lpump,0,9.616e-05,0.0001363,300,25299.7,32194.09,347696.8,1.5,-9.51,160.0,0.7625971303503579,0.7635584248860103,3.2293746331113518,10716,96161.0,0.2630973028244579
6AZFhH8muXh3kpH7Kxp9b4WqaMCyDsWPAihU6eA4pump,0,2.229e-06,2.231e-06,300,3856.43,1.98,626.74,1.5,-0.04,-7.91,0.0,0.4523701816623414,0.8260510412590757,12,2229.0,1.7301158680503057
EaLmTttwPKkjLoqzkDQNxBpRF2vLcE8xvBFwJfS9pump,0,8.688e-05,0.0001558,300,23659.4,136722.98,177700.67,1.5,-4.31,138.0,0.4705352941649159,0.5215537405248853,1.0900988986664086,13440,86884.0,0.2723102035782169
FNSsYaTdk2iM6D9PvEQH8icz1mxsA579CBrc6MNApump,1,1.939e-05,5.539e-05,300,11021.24,13298.77,13298.77,1.5,-46.08,-46.08,0.5919712643101529,0.5919712643101529,1.4508077802640962,3588,19394.0,0.5682808823202598
4JvgACrbHrLWvFmHkTLo7CnhfQAqrpAMgMe4fXgMpump,0,1.998e-05,1.998e-05,300,11219.59,2305.47,101632.47,1.5,-1.66,-45.85,0.5612187630738461,0.610335492140516,1.5663101971827713,1176,19987.0,0.5613443457575251
becsHPBa2f9rm7qhevDogxgnpBZnWHdh3eEa779pump,0,0.0001097,0.0001584,300,27985.4,51424.32,810449.83,1.5,2.91,198.0,0.5448263337325662,0.5133406735213072,1.054825512614074,5220,109749.0,0.2549945762148669
6gh8b2mqUrVb6Ew8Mwt89tNyN9keCDNstzT5cdp5pump,0,0.000135,0.0001747,300,53925.1,693.6,48792.32,1.5,3.62,-47.7,0.7390983000739098,0.5582378434121542,1.2636615316349467,276,135048.0,0.39930320775351574
F1srbXQBVoc1DffymhQc2ve7LBqhCHxm61KU3LTipump,0,0.0001221,0.0001416,300,28414.09,8501.04,113978.63,1.5,12.52,40.41,0.5209833270863573,0.5106621200154747,1.043577742298683,8292,122117.0,0.23267923194412546
7XyEECBvwdoDz35cSdBtUU4tv5gBbATPEGe3DS7Lpump,0,0.0001206,0.0001206,300,28677.56,24593.2,407015.48,1.5,-10.59,56.38,0.811297101806368,0.7739904934460328,3.4245926432356364,9984,120657.0,0.2376783755797146
6AZFhH8muXh3kpH7Kxp9b4WqaMCyDsWPAihU6eA4pump,0,2.196e-06,2.196e-06,300,3825.6,0.14,190.43,1.5,-0.23,1.68,0.0,0.39998400063997436,0.6666222251849877,12,2196.0,1.7420757094372905
EsoJKtCgQ9SbkjBVDJBdfX9MQyszFJYprJFuYyy2pump,1,3.879e-05,9.963e-05,300,15577.05,11433.33,11433.33,1.5,6.18,6.18,0.38686829609263024,0.38686829609263024,0.6309709539193511,11880,38800.0,0.4014703504775683
EaLmTttwPKkjLoqzkDQNxBpRF2vLcE8xvBFwJfS9pump,0,4.503e-05,4.503e-05,300,17231.83,10440.04,338155.89,1.5,-5.38,23.15,0.567897729026364,0.5224717972187127,1.0941171519831892,1944,45036.0,0.382623448294177
FNSsYaTdk2iM6D9PvEQH8icz1mxsA579CBrc6MNApump,0,4.43e-05,4.43e-05,300,16751.05,6524.62,92410.87,1.5,-23.66,23.18,0.5227233127021765,0.5632128876253365,1.2894448386156336,1584,44309.0,0.37805072608159235
4JvgACrbHrLWvFmHkTLo7CnhfQAqrpAMgMe4fXgMpump,0,5.002e-06,5.002e-06,300,5608.09,808.41,58925.83,1.5,16.52,-79.25,0.5526170363937791,0.5875944187526426,1.4247974456975365,456,5002.0,1.1211693080429213
becsHPBa2f9rm7qhevDogxgnpBZnWHdh3eEa779pump,1,0.0001388,0.0003346,300,32659.25,101629.81,980909.54,1.5,-12.46,22.23,0.5337945688135722,0.5344801224262016,1.148135983390894,6924,138850.0,0.23521245779465283
6gh8b2mqUrVb6Ew8Mwt89tNyN9keCDNstzT5cdp5pump,0,0.0001739,0.0001739,300,61228.09,63.99,17287.34,1.5,-0.08,22.89,0.4999166805532411,0.5382498954920889,1.1656735758960006,72,173915.0,0.35205755482817724
EsoJKtCgQ9SbkjBVDJBdfX9MQyszFJYprJFuYyy2pump,0,6.845e-05,0.0001006,300,21144.06,23996.03,205047.81,1.5,-5.54,87.35,0.731751157161353,0.6351662852164642,1.7409747495330115,13152,68458.0,0.3088617793557834
7XyEECBvwdoDz35cSdBtUU4tv5gBbATPEGe3DS7Lpump,0,2.296e-06,2.961e-06,300,4012.67,14445.14,262368.35,1.5,-97.08,-97.73,0.020833326655985043,0.5670731206192011,1.3098588875568713,37440,2296.0,1.747677810244856
EaLmTttwPKkjLoqzkDQNxBpRF2vLcE8xvBFwJfS9pump,0,5.283e-06,6.228e-06,300,5925.05,691.79,116412.63,1.5,22.56,-94.69,0.5483694074384697,0.4868975118776365,0.9489283781479587,372,5284.0,1.1213188642469978
DBT6MYpaBUYc3S7tAmVGJr8mU2wvS2tR86GDd1YWpump,0,7.24e-05,7.24e-05,300,21770.95,54081.69,205585.9,1.5,4.55,97.51,0.5581031221664798,0.5771035552740046,1.3646450862170847,7848,72404.0,0.30068711258097464
FNSsYaTdk2iM6D9PvEQH8icz1mxsA579CBrc6MNApump,0,3.359e-05,3.422e-05,300,14644.29,635.03,69165.7,1.5,-5.75,-19.25,0.4444279841487352,0.5450594217918449,1.1980892624233146,324,33591.0,0.4359587259694941
4JvgACrbHrLWvFmHkTLo7CnhfQAqrpAMgMe4fXgMpump,0,3.196e-06,3.714e-06,300,4498.3,44.08,7940.68,1.5,-3.68,-64.01,0.0,0.43875180678884906,0.7817429295915492,60,3196.0,1.4074776572347756
cUVWU6Y1roh2wLVNywg73tMEeJjmcCo8yhFMZhUBtGC,0,3.145e-05,3.145e-05,300,14077.61,28453.34,28453.34,1.5,-14.26,-14.26,0.5839992213343715,0.5839992213343715,1.403841654353672,9000,31458.0,0.4475049129790542
C3c314xn6WvuZDm35cb2g6YiRxQATBeJc71bpXUZpump,0,5.589e-05,9.564e-05,300,18832.11,38863.08,38863.08,1.5,51.61,51.61,0.8904527538703237,0.8904527538703237,8.128481411721237,27276,55899.0,0.33689528726998186
becsHPBa2f9rm7qhevDogxgnpBZnWHdh3eEa779pump,0,0.0002988,0.0003739,300,49548.34,79098.06,1025170.45,1.5,10.32,152.0,0.5381594165177759,0.5478301317975718,1.2115582446380928,6132,298801.0,0.1658238755364812
6gh8b2mqUrVb6Ew8Mwt89tNyN9keCDNstzT5cdp5pump,0,9.044e-05,9.337e-05,300,44336.75,608.68,30956.32,1.5,-2.71,-43.01,0.249992187744133,0.5360158135258188,1.1552458664572307,384,90436.0,0.49025553440824965
EsoJKtCgQ9SbkjBVDJBdfX9MQyszFJYprJFuYyy2pump,0,0.000116,0.0001664,300,27792.92,15829.77,262640.74,1.5,24.8,128.0,0.7799989600013867,0.7166501109426904,2.5292055462839533,9000,116013.0,0.23956728780768285
7XyEECBvwdoDz35cSdBtUU4tv5gBbATPEGe3DS7Lpump,0,2.714e-06,2.801e-06,300,4366.26,5.78,116001.04,1.5,0.48,-97.49,0.49975012493753124,0.3564339470006703,0.5538420576093401,24,2714.0,1.6087908589569422
DBT6MYpaBUYc3S7tAmVGJr8mU2wvS2tR86GDd1YWpump,0,2.106e-06,2.112e-06,300,3741.46,2.69,282488.65,1.5,-0.31,-94.25,0.0,0.5157950665046115,1.0652412456460936,24,2106.0,1.7765708563291278
EaLmTttwPKkjLoqzkDQNxBpRF2vLcE8xvBFwJfS9pump,0,6.066e-06,6.504e-06,300,6354.72,171.99,12336.49,1.5,25.56,-80.25,0.4999375078115236,0.36065499865778966,0.5641007560873202,96,6067.0,1.0474235952820843
HwAGqSBwhFm9MK7qe9ewukjXPQmFGoKFGPrJQyeTpump,1,9.307e-05,0.0002758,300,24414.84,63932.3,89595.74,1.5,75.69,153.0,0.5386896745689367,0.5666995318961566,1.3078673428996692,8064,93077.0,0.262307978745469
HMo1bVbAeZ28m3PUfQRuPgf5HqJEgxqt9hEsfV5Bvn7M,1,5.09e-05,0.000107,300,19574.48,87.23,87.23,1.5,1.25,1.25,0.9997500624843788,0.9997500624843788,4000.0,48,50901.0,0.3845598242753615
GSH9MAtpT84TJ7WzBMn6LCDRJYdEzsrnwwCWttmDpump,0,3.247e-05,4.34e-05,300,14291.24,9683.79,9683.79,1.5,-10.33,-10.33,0.6205509069134114,0.6205509069134114,1.635399631253841,3036,32471.0,0.44012317328929895
FNSsYaTdk2iM6D9PvEQH8icz1mxsA579CBrc6MNApump,0,2.02e-05,2.134e-05,300,11359.79,2265.63,22312.0,1.5,-10.13,-33.34,0.4687426758956891,0.5561046928965464,1.2527834469016845,768,20207.0,0.5621710020205374
cUVWU6Y1roh2wLVNywg73tMEeJjmcCo8yhFMZhUBtGC,0,6.476e-06,6.476e-06,300,6385.5,496.12,102975.87,1.5,-4.38,-82.35,0.4444320991083581,0.4456204969654427,0.8038184935161012,432,6476.0,0.9860251720158782
C3c314xn6WvuZDm35cb2g6YiRxQATBeJc71bpXUZpump,0,2.359e-06,2.604e-06,300,3919.58,98.74,219428.43,1.5,8.83,-93.6,0.10203873390338973,0.5531771343894784,1.2380233353403665,588,2359.0,1.6615423223644243
EsoJKtCgQ9SbkjBVDJBdfX9MQyszFJYprJFuYyy2pump,0,0.0001369,0.0001731,300,30442.89,7637.36,210192.29,1.5,15.16,84.87,0.7775313270235088,0.744825816310468,2.9188917371699725,5448,136965.0,0.22226765799826484
becsHPBa2f9rm7qhevDogxgnpBZnWHdh3eEa779pump,0,0.0001948,0.0001948,300,41760.98,127176.27,1282900.27,1.5,-15.25,-23.55,0.5030518888255325,0.5649086584506808,1.2983679620906599,9828,194817.0,0.21436003934790068
7XyEECBvwdoDz35cSdBtUU4tv5gBbATPEGe3DS7Lpump,0,2.405e-06,2.409e-06,300,4098.59,0.0,578.17,1.5,0.0,-11.9,0.0,0.2978660028510032,0.4242295688009455,0,2406.0,1.7034864075285088
DBT6MYpaBUYc3S7tAmVGJr8mU2wvS2tR86GDd1YWpump,0,2.082e-06,2.082e-06,300,3711.46,0.0,773.99,1.5,0.0,-19.79,0.0,0.2758573128049516,0.38094331087355066,0,2083.0,1.781785030348041
EaLmTttwPKkjLoqzkDQNxBpRF2vLcE8xvBFwJfS9pump,0,4.943e-06,5.092e-06,300,5727.88,61.3,2571.76,1.5,7.58,5.81,0.9996667777407531,0.5338937805611816,1.1454337193869202,36,4943.0,1.158785927819962
HwAGqSBwhFm9MK7qe9ewukjXPQmFGoKFGPrJQyeTpump,0,0.0002249,0.0002249,300,39027.42,63487.83,528353.67,1.5,-4.64,510.0,0.5564379070939474,0.5775092897427658,1.3669159480243915,7548,224964.0,0.17348295650200496
HMo1bVbAeZ28m3PUfQRuPgf5HqJEgxqt9hEsfV5Bvn7M,0,0.00012,0.0001545,300,30225.93,12466.81,62445.03,1.5,16.68,139.0,0.5407912802068061,0.5540281734463632,1.242294110208172,5148,120088.0,0.2516981692450689
GSH9MAtpT84TJ7WzBMn6LCDRJYdEzsrnwwCWttmDpump,1,2.876e-05,0.0001476,300,13520.89,2193.08,72814.0,1.5,6.08,-20.56,0.5432031703312304,0.5926990428919102,1.4551869632229208,972,28767.0,0.47001388848284875
FNSsYaTdk2iM6D9PvEQH8icz1mxsA579CBrc6MNApump,0,1.655e-05,1.809e-05,300,10284.14,2089.19,20049.95,1.5,15.5,-35.01,0.6025563774823399,0.5367221530656251,1.1585318758866834,936,16553.0,0.6212855300377255
BiFANQukCGDd6YKkL1H1yBbD986FHFYYA2BUHvhTpump,0,7.69e-05,7.69e-05,300,22349.52,27767.39,151275.91,1.5,9.56,110.0,0.8434499402875781,0.8507765807662669,5.701360987002117,18780,76908.0,0.2906007139621273
cUVWU6Y1roh2wLVNywg73tMEeJjmcCo8yhFMZhUBtGC,0,3.868e-06,3.868e-06,300,4946.38,156.49,21707.4,1.5,6.28,-68.03,0.19998000199980004,0.5168190450366513,1.0696179965865051,120,3868.0,1.2787949124108293
BUpme4FZPrFtkx4ggAc1AcyQt3auo4SvR3VadhUCpump,0,5.976e-05,5.976e-05,300,19426.52,1401.32,19294.78,1.5,-5.0,46.71,0.41174048585377326,0.5740244830532908,1.3475527588246412,204,59765.0,0.3250484342834697
6Rxnx68LMiuyfeRCpouJ3giG7XyEGCPUVDuBBMuhpump,1,2.814e-05,5.789e-05,300,14238.71,4488.33,19574.71,1.5,74.67,403.0,0.7070635650144947,0.5577607260636714,1.2612193419618696,1188,28142.0,0.50595940210506
C3c314xn6WvuZDm35cb2g6YiRxQATBeJc71bpXUZpump,0,2.318e-06,2.611e-06,300,3894.38,10.15,101189.89,1.5,-0.94,-96.97,0.0,0.3206629754830683,0.4720234050412428,36,2318.0,1.6800596721054044
EsoJKtCgQ9SbkjBVDJBdfX9MQyszFJYprJFuYyy2pump,0,0.0001594,0.0001785,300,33048.1,5215.65,171569.46,1.5,-11.66,-5.34,0.5603399970689907,0.7168566078302552,2.531779401019886,1392,159454.0,0.207257891258558
DBT6MYpaBUYc3S7tAmVGJr8mU2wvS2tR86GDd1YWpump,0,2.059e-06,2.059e-06,300,3698.27,0.0,30.23,1.5,0.0,-2.54,0.0,0.08332638946754438,0.0909008271975275,0,2059.0,1.7961477434930821
Gpuu6LyG8ozTbwXjW2ocU64NeW4wHU8M2hnnBcYZpump,0,2.579e-05,3.641e-05,300,12718.29,8464.37,8464.37,1.5,-26.8,-26.8,0.615382361236772,0.615382361236772,1.5999847620498853,3276,25800.0,0.4929569576373273
HwAGqSBwhFm9MK7qe9ewukjXPQmFGoKFGPrJQyeTpump,0,0.0001558,0.0001558,300,33514.87,77255.55,947898.42,1.5,-8.86,83.06,0.5564504910272359,0.5680257612668872,1.3149528613854014,5952,155828.0,0.21507604400315708
FYmauk5k5hst1TDiNKRQFJmNyLUsS3qYTdifYmKkpump,0,6.648e-05,8.87e-05,300,20478.49,13051.9,19867.89,1.5,22.47,80.79,0.5448968471492915,0.5862464029762203,1.416897417190374,5880,66487.0,0.3080074253913182
BiFANQukCGDd6YKkL1H1yBbD986FHFYYA2BUHvhTpump,0,2.603e-06,3.194e-06,300,4138.46,36.89,239869.12,1.5,-1.51,-92.9,0.33322225924691773,0.6767147373240529,2.093243384256505,36,2604.0,1.5892697429839695
cUVWU6Y1roh2wLVNywg73tMEeJjmcCo8yhFMZhUBtGC,0,3.357e-06,3.357e-06,300,4602.18,22.43,4709.15,1.5,-1.76,-5.52,0.0,0.47783015847212573,0.9150857067386157,84,3358.0,1.3705118015152467
BUpme4FZPrFtkx4ggAc1AcyQt3auo4SvR3VadhUCpump,0,4.224e-05,5.376e-05,300,16327.87,410.74,5895.73,1.5,-9.59,-31.27,0.0,0.44914873602766076,0.8153720711989045,72,42246.0,0.3864950436373848
6Rxnx68LMiuyfeRCpouJ3giG7XyEGCPUVDuBBMuhpump,0,3.771e-05,5.438e-05,300,16547.47,1801.04,59913.21,1.5,-19.44,195.0,0.5483694074384697,0.7234603378660627,2.6161178193515946,372,37711.0,0.43879689112468806
Cf6CH2ALq4Fp7aB3Q3h3vLPMpK8FKh8RfgWEaLZ8pump,0,7.356e-05,0.0001148,300,21649.34,35829.59,74397.75,1.5,39.9,100.0,0.8255807096505734,0.8012291798241066,4.03091952387727,14448,73561.0,0.2943045867469911
C3c314xn6WvuZDm35cb2g6YiRxQATBeJc71bpXUZpump,0,2.451e-06,2.451e-06,300,4004.99,24.43,286.51,1.5,-2.16,-2.29,0.0,0.083329861255781,0.0909049588655061,48,2451.0,1.6340221811415008
G3kEYbs8MgT5JZLsAstGaS6sTkccSXKvHyzZhg1Ypump,0,0.0002626,0.0002827,300,40801.98,7460.43,72417.26,1.5,-0.42,390.0,0.4472339334978216,0.4851629648056554,0.9423622071448539,2388,262652.0,0.15534616086933983
5ukin2LFYbjcg9aiFNXVYCV3PKm8UsESi4LwEJtWpump,0,5.916e-05,5.916e-05,300,19607.46,35517.4,159863.13,1.5,-15.92,61.09,0.67045403753482,0.6297750207869415,1.701060317771039,15840,59163.0,0.33141422288568495
Gpuu6LyG8ozTbwXjW2ocU64NeW4wHU8M2hnnBcYZpump,0,1.091e-05,1.709e-05,300,8299.52,4507.26,82847.49,1.5,24.66,-69.04,0.59129920609386,0.6003500524167942,1.5021897439178407,1380,10911.0,0.7606561487804832
HwAGqSBwhFm9MK7qe9ewukjXPQmFGoKFGPrJQyeTpump,0,9.029e-05,9.029e-05,300,26300.22,63855.01,894172.08,1.5,23.84,-52.76,0.538104992829116,0.5671961987427675,1.3105157512368064,5196,90295.0,0.2912699452763725
DBT6MYpaBUYc3S7tAmVGJr8mU2wvS2tR86GDd1YWpump,0,2.021e-06,2.021e-06,300,3664.54,0.0,27.93,1.5,0.0,-3.24,0.0,0.0,0.0,0,2021.0,1.8132301765313328
FYmauk5k5hst1TDiNKRQFJmNyLUsS3qYTdifYmKkpump,0,8.93e-05,0.0001411,300,23989.66,8481.05,132581.59,1.5,33.87,143.0,0.6242024963853581,0.5962911983263631,1.4770329402142002,5652,89303.0,0.2686321818009229
BiFANQukCGDd6YKkL1H1yBbD986FHFYYA2BUHvhTpump,0,2.711e-06,2.711e-06,300,4220.97,0.47,33854.72,1.5,0.04,-96.71,0.0,0.2715533096176776,0.37278405297600287,12,2711.0,1.556978400229288
BUpme4FZPrFtkx4ggAc1AcyQt3auo4SvR3VadhUCpump,0,6.71e-05,6.71e-05,300,20597.24,552.31,4233.21,1.5,10.73,43.95,0.7894321351507815,0.7142806122813409,2.499937501562461,228,67102.0,0.30695418457044227
6Rxnx68LMiuyfeRCpouJ3giG7XyEGCPUVDuBBMuhpump,0,4.402e-05,6.058e-05,300,17928.01,397.89,33751.42,1.5,-4.7,-27.6,0.285673475217826,0.6929059749948313,2.2563316723051488,84,44017.0,0.40729739856652203
cUVWU6Y1roh2wLVNywg73tMEeJjmcCo8yhFMZhUBtGC,0,2.948e-06,2.948e-06,300,4319.36,27.35,741.4,1.5,-4.83,-7.57,0.49975012493753124,0.3137193388364934,0.45712979629153455,24,2949.0,1.4646858376785898
6xY35VXhqpqa24RCvViCqiYGz95nZnXwn5ax6D1Npump,0,8.928e-05,8.928e-05,300,24030.31,88490.2,194066.68,1.5,-25.55,107.0,0.7268432290010448,0.723277623405533,2.6137301663373873,20340,89283.0,0.26914765107413896
Cf6CH2ALq4Fp7aB3Q3h3vLPMpK8FKh8RfgWEaLZ8pump,0,0.0001071,0.0001154,300,26593.59,18175.62,297360.81,1.5,-4.76,192.0,0.7927913643398841,0.8191731120082173,4.530151025136499,6660,107172.0,0.24813934378252395
9WQk4sEHNgmeXZ3u6HqMiX1yCHyuYyzgsE38DD9qpump,0,6.549e-05,8.948e-05,300,20455.23,13596.92,90326.17,1.5,2.89,78.18,0.5432417750222297,0.5384843262278263,1.1667736478515527,4440,65491.0,0.31233649948334125
8QhGyZErqREUuGj1xEPcGja5p2gmG7KFxPhkGTTFZLii,1,2.495e-05,5.782e-05,300,12496.86,4847.16,56025.76,1.5,72.97,-32.06,0.5774607221075908,0.5971668004720677,1.4824170430140042,1704,24959.0,0.5006955206260059
G3kEYbs8MgT5JZLsAstGaS6sTkccSXKvHyzZhg1Ypump,0,0.0002268,0.0002496,300,37870.45,5166.31,127851.73,1.5,-0.97,323.0,0.538456936265502,0.5145535205195599,1.059959320480133,1404,226864.0,0.16693018651293204
5ukin2LFYbjcg9aiFNXVYCV3PKm8UsESi4LwEJtWpump,0,2.441e-05,4.497e-05,300,12648.52,4499.14,271173.08,1.5,-22.54,-33.52,0.4917992475471512,0.6289167741282045,1.6948132663519726,1464,24416.0,0.5180422461483353
Gpuu6LyG8ozTbwXjW2ocU64NeW4wHU8M2hnnBcYZpump,0,7.478e-06,7.478e-06,300,6860.71,902.58,54040.21,1.5,-18.86,-72.63,0.5333214817448502,0.5533573381794179,1.2389262949576982,540,7478.0,0.9174524047268782
HwAGqSBwhFm9MK7qe9ewukjXPQmFGoKFGPrJQyeTpump,0,3.135e-06,3.151e-06,300,4904.15,0.02,302721.86,1.5,-0.94,-97.34,0.0,0.47875123025527255,0.9184697557938271,12,3135.0,1.5643216700728324
FYmauk5k5hst1TDiNKRQFJmNyLUsS3qYTdifYmKkpump,0,0.0001249,0.0001531,300,28432.13,4823.67,116401.62,1.5,-11.97,66.66,0.533691283850987,0.5836901171145401,1.4020568358093288,4452,124919.0,0.22760452591195474
BiFANQukCGDd6YKkL1H1yBbD986FHFYYA2BUHvhTpump,0,2.178e-06,2.185e-06,300,3773.17,0.0,791.66,1.5,0.0,-12.87,0.0,0.016797293620051938,0.017084263001978357,0,2179.0,1.7316054467161786
BUpme4FZPrFtkx4ggAc1AcyQt3auo4SvR3VadhUCpump,0,5.553e-05,6.183e-05,300,18682.25,1.9,3304.44,1.5,-1.12,26.39,0.0,0.6725604198192936,2.0539985405799843,12,55530.0,0.33643525416107956
6Rxnx68LMiuyfeRCpouJ3giG7XyEGCPUVDuBBMuhpump,0,4.72e-05,4.72e-05,300,18510.93,2172.78,19952.81,1.5,-11.91,26.75,0.6956219294813268,0.5312481553883494,1.13332493833379,276,47197.0,0.39220564035414035
6xY35VXhqpqa24RCvViCqiYGz95nZnXwn5ax6D1Npump,0,2.094e-06,2.094e-06,300,3708.77,113.98,284835.68,1.5,-4.39,-95.15,0.4998750312421894,0.7054073563735939,2.3945178932172215,48,2095.0,1.7702950977111704
Cf6CH2ALq4Fp7aB3Q3h3vLPMpK8FKh8RfgWEaLZ8pump,0,2.356e-06,2.404e-06,300,3957.9,6.21,214313.81,1.5,-1.94,-97.3,0.0,0.4563338170768115,0.8393639910122648,36,2356.0,1.6799228862806084
AUyp4aBQRbHLM79K36u9zNhF9kjmouXBUoVidmZEpump,0,6.054e-05,0.0001175,300,19529.05,6102.26,44939.64,1.5,1.27,65.81,0.9296476572564967,0.9038949101791133,9.405276160333687,19104,60541.0,0.32257560458902884
8QhGyZErqREUuGj1xEPcGja5p2gmG7KFxPhkGTTFZLii,0,6.015e-05,6.123e-05,300,19545.29,10138.85,105217.89,1.5,-3.88,182.0,0.7283636337412651,0.6425946626087323,1.7979436661441215,4992,60160.0,0.32488845869533817
9WQk4sEHNgmeXZ3u6HqMiX1yCHyuYyzgsE38DD9qpump,0,9.569e-05,0.0001082,300,24851.89,11690.42,134222.62,1.5,6.0,119.0,0.5448071908859304,0.5272213642847159,1.115154798581504,8436,95692.0,0.2597070783377181
G3kEYbs8MgT5JZLsAstGaS6sTkccSXKvHyzZhg1Ypump,0,0.000283,0.0003658,300,42394.98,7416.45,94424.62,1.5,2.31,0.18,0.5693389099349639,0.5523132337168679,1.2337046241111507,1644,283073.0,0.1497669500455114
sbZja3i2XjJ5s84AaxSCWKjJ2rJGidqD4CDMvpNpump,0,8.904e-05,0.0001049,300,23667.44,13349.33,55064.18,1.5,11.83,144.0,0.3826070321433385,0.549701242841707,1.2207478570687482,2760,88997.0,0.26593525325645523
5ukin2LFYbjcg9aiFNXVYCV3PKm8UsESi4LwEJtWpump,0,1.455e-05,1.652e-05,300,9775.04,2227.99,77043.37,1.5,25.21,-44.98,0.4642774236174354,0.5669075194812299,1.3089756691276941,672,13737.0,0.7115847192556803
Gpuu6LyG8ozTbwXjW2ocU64NeW4wHU8M2hnnBcYZpump,0,5.291e-06,6.439e-06,300,5753.47,131.09,13735.12,1.5,5.08,-68.7,0.6470207634845009,0.4877580268210418,0.9522023816088913,204,5292.0,1.0872012306875982
FYmauk5k5hst1TDiNKRQFJmNyLUsS3qYTdifYmKkpump,0,0.0001688,0.0001852,300,33052.36,4042.99,58209.8,1.5,10.27,73.43,0.5272191197159893,0.5377096796877672,1.1631428478203822,4188,168855.0,0.19574403958577455
3Vjcrax53d7PcohRPFgZhPxZdAf9YNG8Est2Bkjocmoo,0,7.813e-05,8.826e-05,300,66978.84,6658.31,197433.94,1.5,4.73,39.77,0.5338937805611816,0.5518002483101118,1.2311480455524777,1416,781394.0,0.08571711571151414
8coCDF645rtwcq5UG2EGVZaT9gnGud73mNpqRtujpump,0,0.0001497,0.0001497,300,31265.17,62449.98,212703.02,1.5,14.96,249.0,0.7959973340759677,0.7649141273141974,3.253764756576939,21588,149703.0,0.20884798428322757
6xY35VXhqpqa24RCvViCqiYGz95nZnXwn5ax6D1Npump,0,2.025e-06,2.025e-06,300,3657.49,0.29,37150.69,1.5,1.41,-95.81,0.49975012493753124,0.6631622149968396,1.9687880769985995,24,2026.0,1.8052755156586793
Cf6CH2ALq4Fp7aB3Q3h3vLPMpK8FKh8RfgWEaLZ8pump,0,2.392e-06,2.392e-06,300,4000.03,0.01,14062.82,1.5,-0.47,-97.58,0.0,0.02189518630739657,0.022385316993519817,12,2393.0,1.671553835539559
AUyp4aBQRbHLM79K36u9zNhF9kjmouXBUoVidmZEpump,0,0.000132,0.0001556,300,29191.76,22701.12,150665.3,1.5,8.63,262.0,0.8515837873432459,0.8793882318125962,7.291064918692037,8328,132069.0,0.22103415471432242
8QhGyZErqREUuGj1xEPcGja5p2gmG7KFxPhkGTTFZLii,0,5.19e-05,6.402e-05,300,18271.95,2353.78,103757.36,1.5,-14.56,112.0,0.49999166680555324,0.6656811511436147,1.9911565064929209,720,51905.0,0.3520267729115351
9WQk4sEHNgmeXZ3u6HqMiX1yCHyuYyzgsE38DD9qpump,0,9.667e-05,0.0001232,300,25184.08,7581.38,119123.02,1.5,4.03,57.26,0.486067359028856,0.5070506801192383,1.0286061054752798,7752,96678.0,0.2604944220971222
G3kEYbs8MgT5JZLsAstGaS6sTkccSXKvHyzZhg1Ypump,0,0.0003106,0.0003106,300,44717.06,7857.0,100563.17,1.5,-6.58,36.19,0.6101643206413505,0.5596449846363704,1.2708949940634502,1416,310658.0,0.14394304945006067
sbZja3i2XjJ5s84AaxSCWKjJ2rJGidqD4CDMvpNpump,0,1.883e-06,1.897e-06,300,3459.37,112.16,74609.21,1.5,6.24,-94.85,0.6999300069993001,0.43887746233970454,0.7821419260215167,120,1882.0,1.8381339861137163
3a3ijue9qX1uvGvxyTtdsyAsgNuYP3nuCMyJtrZ8e38n,1,0.0003417,0.0007102,300,49855.93,242990.41,1308903.44,1.5,48.79,835.0,0.5056254668852823,0.5290125777125708,1.1231989490150986,35196,341705.0,0.14590342504235107
5ukin2LFYbjcg9aiFNXVYCV3PKm8UsESi4LwEJtWpump,0,1.118e-05,1.28e-05,300,8583.58,461.81,30233.87,1.5,-11.74,-71.9,0.4285510213799343,0.5065928498979672,1.0267237712165451,252,10551.0,0.8135322894955653
BuFkbhuR8bKYYHZRK4MVdPAWPxoB2CCv1QhamCtfpump,0,5.806e-05,9.171e-05,300,19643.8,96417.93,281293.81,1.5,30.04,57.53,0.5450494493332043,0.5653569409439496,1.300738454610966,10788,58069.0,0.3382837600391989
EuGWzK1V1pC7GxXa5oyJqFpKBcWuH2tu3vcFNqnJpump,0,3.634e-05,3.634e-05,300,15081.82,8480.33,8480.33,1.5,-1.7,-1.7,0.6226391598522271,0.6226391598522271,1.6499835001649983,3180,36345.0,0.4149627069758507
8coCDF645rtwcq5UG2EGVZaT9gnGud73mNpqRtujpump,0,2.235e-06,3.333e-06,300,3863.23,169.16,405190.82,1.5,-10.66,-94.79,0.008333310185249486,0.7129325398057796,2.483501750158074,4320,2236.0,1.7277407299907288
3Vjcrax53d7PcohRPFgZhPxZdAf9YNG8Est2Bkjocmoo,0,8.324e-05,9.436e-05,300,69290.06,5606.14,87556.98,1.5,2.98,4.7,0.5428519728383538,0.48340513462833,0.9357528830266997,1260,832455.0,0.08323580243588445
6xY35VXhqpqa24RCvViCqiYGz95nZnXwn5ax6D1Npump,0,1.925e-06,1.996e-06,300,3551.4,2.45,131.02,1.5,-0.56,-8.77,0.0,0.3478109647406634,0.5332977801479901,12,1925.0,1.8448821585027748
FeDZ6frqRj1ugLosBLQ4n1qim6hJVFtEDRvg5P79pump,0,1.084e-05,1.084e-05,300,8305.89,2694.57,18135.62,1.5,52.93,-27.08,0.6304210778026565,0.5307158178910958,1.1309049785273508,552,10841.0,0.7661552655515851
AUyp4aBQRbHLM79K36u9zNhF9kjmouXBUoVidmZEpump,0,0.0001456,0.0001725,300,30856.83,25523.4,243867.2,1.5,-16.13,116.0,0.6550705650128551,0.8247585207302578,4.706411542330912,4140,145643.0,0.21186620564073658
8QhGyZErqREUuGj1xEPcGja5p2gmG7KFxPhkGTTFZLii,0,4.568e-05,5.851e-05,300,17133.16,1128.13,48088.8,1.5,-4.37,-17.49,0.24137098720733766,0.6746377126257316,2.0734969564855774,348,45683.0,0.37504453790152714
9WQk4sEHNgmeXZ3u6HqMiX1yCHyuYyzgsE38DD9qpump,0,0.0001288,0.0001521,300,29117.18,8426.81,110287.88,1.5,4.4,31.61,0.5946388699516416,0.5076922436705872,1.031249735847916,7164,128818.0,0.22603347182821135
3a3ijue9qX1uvGvxyTtdsyAsgNuYP3nuCMyJtrZ8e38n,0,0.0004973,0.0007772,300,62194.38,145144.3,1816264.17,1.5,-26.65,167.0,0.5955117402118871,0.5553851380053817,1.2491375918335905,20856,497360.0,0.12504901856794068
sbZja3i2XjJ5s84AaxSCWKjJ2rJGidqD4CDMvpNpump,0,1.765e-06,1.765e-06,300,3345.93,13.68,566.33,1.5,-0.65,-23.0,0.0,0.38297057509414695,0.6206682528188683,12,1765.0,1.8957099741019976
A8sueSeR6ZTsTDPbGf7Mof1WFNU9gTpevCvKN3uHjwpq,0,0.0001675,0.000232,300,65440.0,136928.58,2171389.46,1.5,22.21,219.0,0.5012036115575625,0.50687181475686,1.0278702980786703,4980,167517.0,0.3906469170851501
BuFkbhuR8bKYYHZRK4MVdPAWPxoB2CCv1QhamCtfpump,0,2.6e-06,2.6e-06,300,4364.82,232.51,842430.34,1.5,12.62,-92.95,0.21738185296291465,0.5402819058053996,1.175246118497777,276,2601.0,1.6781308427024824
Hrpq2D2YHzaYMUNNAt37TnHyQKRv5CSjvGWWRViHpump,0,0.0001729,0.0003064,300,33126.93,3023.9,17256.02,1.5,5.04,102.0,0.7999840003199936,0.6878937076833905,2.204036652313218,600,172906.0,0.19158924391525314
PFvZM1mksuoWfABmo81jimo14r5FneTdMBTZyBxpump,0,4.39e-05,5.047e-05,300,16600.83,12707.77,12707.77,1.5,19.85,19.85,0.6549688451203359,0.6549688451203359,1.898288997550868,4104,43901.0,0.37814240272106786
EuGWzK1V1pC7GxXa5oyJqFpKBcWuH2tu3vcFNqnJpump,0,9.647e-06,1.131e-05,300,7791.7,1329.33,56473.41,1.5,1.63,-73.91,0.5097939256093018,0.5419686311043362,1.1832565800264931,612,9648.0,0.8075973458128787
8coCDF645rtwcq5UG2EGVZaT9gnGud73mNpqRtujpump,0,2.876e-06,2.916e-06,300,4388.25,0.12,124362.37,1.5,0.06,-96.05,0.0,0.6809899138896676,2.1346971257019796,12,2877.0,1.5252862268730527
3Vjcrax53d7PcohRPFgZhPxZdAf9YNG8Est2Bkjocmoo,0,8.195e-05,0.0001022,300,69346.91,2871.2,71815.14,1.5,-0.28,-6.11,0.4444403292562106,0.4843746709411203,0.9393927017223956,1296,819600.0,0.08461067583624857
EzCGABiy12zqJ5ArCvFZu91FbtVd4EX2g8LTca9ipump,0,1.891e-05,2.799e-05,300,10925.84,44333.23,77407.04,1.5,-41.16,-49.12,0.5661967843684618,0.5464550654094824,1.2048531991716513,17040,18911.0,0.5777504850219193
H44sHWrYq6QqY63A6ZUidQQt58VCT4nZWqtKhTVNpump,0,1.935e-05,3.386e-05,300,11048.2,5993.01,70834.77,1.5,-21.65,-47.08,0.5390032694803583,0.6038589081390987,1.5243531169726119,1692,19358.0,0.5707304178773418
FeDZ6frqRj1ugLosBLQ4n1qim6hJVFtEDRvg5P79pump,0,6.304e-06,7.156e-06,300,6343.98,999.01,29987.66,1.5,-12.1,-0.73,0.48716699571805855,0.5654753489950164,1.3013654062828552,468,6304.0,1.006341845440697
2BiamwFCutHWawEinzCc1bBKSWqjnTioba6JK2R4pump,0,6.916e-05,7.927e-05,300,21208.86,63333.87,238732.36,1.5,-25.95,61.0,0.7179029929899924,0.7285904084321051,2.684468165709035,20376,69165.0,0.30664150500048426
3a3ijue9qX1uvGvxyTtdsyAsgNuYP3nuCMyJtrZ8e38n,0,0.0006686,0.0006698,300,73175.55,39833.22,1260002.19,1.5,-9.39,60.07,0.6355374376946333,0.5595414303900177,1.270361094087648,9252,668650.0,0.10943774753692104
BK21wKLbdeJVyCS73qG4kNzqiaqt7q32BrYKTUqRGxgT,0,5.016e-05,8.204e-05,300,19531.61,15.83,15.83,1.5,0.14,0.14,0.9997500624843788,0.9997500624843788,4000.0,48,50162.0,0.3893706313669585
A8sueSeR6ZTsTDPbGf7Mof1WFNU9gTpevCvKN3uHjwpq,0,0.0002412,0.0003521,300,79001.71,401614.28,3845977.14,1.5,22.99,122.0,0.5026450593958912,0.5027979385564317,1.0112547343360092,13608,241276.0,0.32743293851260413
BuFkbhuR8bKYYHZRK4MVdPAWPxoB2CCv1QhamCtfpump,0,2.317e-06,2.317e-06,300,4118.12,0.0,403319.28,1.5,0.0,-96.59,0.0,0.5114022250583945,1.046673258222501,0,2317.0,1.7773492544888843
Hrpq2D2YHzaYMUNNAt37TnHyQKRv5CSjvGWWRViHpump,0,0.0002339,0.0002651,300,38587.44,2559.01,42954.47,1.5,-15.1,73.43,0.36110108052554096,0.5062959539144738,1.0255049719134086,432,233932.0,0.16495152366947866
PFvZM1mksuoWfABmo81jimo14r5FneTdMBTZyBxpump,1,5.933e-05,0.0001193,300,19427.74,7972.03,101802.84,1.5,33.3,62.0,0.7153818639159081,0.5994316478887364,1.4964528393951493,3120,59337.0,0.3274135812829503
EuGWzK1V1pC7GxXa5oyJqFpKBcWuH2tu3vcFNqnJpump,0,4.358e-06,5.141e-06,300,5235.74,284.58,30358.92,1.5,-2.39,-65.51,0.3448156960104824,0.5421368009237177,1.1840584742723448,348,4358.0,1.2014086274876943
EzCGABiy12zqJ5ArCvFZu91FbtVd4EX2g8LTca9ipump,0,1.239e-05,1.455e-05,300,8843.19,3197.15,130997.61,1.5,-33.75,-66.66,0.6187005848878785,0.5499360025706251,1.221906230473195,1668,12390.0,0.7137360198760275
7Dsbt2po9Cr6zfjHP6B2VgNZKs4QkAGN4dtygvPCpump,0,4.017e-05,6.415e-05,300,15891.26,12127.44,12127.44,1.5,10.04,10.04,0.5859628562706798,0.5859628562706798,1.4152422437097991,3420,40176.0,0.39554110923085656
7EWBKLiTkyK2RtZYdVmEqpS3xaP4ZSh4rsxZ9sDrpump,0,5.992e-05,5.992e-05,300,19731.09,49806.39,253534.52,1.5,-32.78,63.58,0.5896409644295104,0.5536543511894455,1.2404161498266042,15060,59927.0,0.32925208454866617
5kATA4bhVerVk1fRvvjuFCQNb7KLYL629LLw42Xzpump,0,7.737e-05,0.0001186,300,22237.69,48379.02,101738.07,1.5,17.0,111.0,0.7762857745818236,0.8746910229752923,6.980274228899232,16092,77380.0,0.2873829117681195
H44sHWrYq6QqY63A6ZUidQQt58VCT4nZWqtKhTVNpump,0,1.301e-05,1.709e-05,300,9068.91,3261.82,84334.78,1.5,13.78,-71.21,0.6050916873140936,0.5905649352180973,1.442389736532895,1884,13019.0,0.6965903144181339
FeDZ6frqRj1ugLosBLQ4n1qim6hJVFtEDRvg5P79pump,0,4.638e-06,4.638e-06,300,5443.49,254.19,6208.34,1.5,-19.13,-24.44,0.142836737608913,0.49199803200787195,0.9684963110526689,84,4639.0,1.1734185873208476
9FeDZrLFz59RhCpAaTaRFqTx1qAa2WUA7cH7vfhrpump,0,2.175e-05,3.068e-05,300,11677.62,19038.68,19038.68,1.5,-41.1,-41.1,0.5703828695011527,0.5703828695011527,1.3276539248769155,6564,21758.0,0.5367046356878098
2BiamwFCutHWawEinzCc1bBKSWqjnTioba6JK2R4pump,0,1.918e-06,2.141e-06,300,3569.6,4.96,348098.83,1.5,-0.32,-95.53,0.0,0.7127961240762886,2.4818471609541413,36,1918.0,1.8611043477036768
A8sueSeR6ZTsTDPbGf7Mof1WFNU9gTpevCvKN3uHjwpq,0,0.0002824,0.000382,300,85790.46,376881.97,5248499.44,1.5,-7.07,45.95,0.5033233586672757,0.5017867640896255,1.007172688161769,12636,282436.0,0.3037518577527233
Hrpq2D2YHzaYMUNNAt37TnHyQKRv5CSjvGWWRViHpump,0,0.000218,0.0002183,300,37256.1,2355.21,31936.89,1.5,-15.18,-3.28,0.545404963185165,0.4374986328167725,0.7777734568141288,132,218015.0,0.17088778216687942
9fz2CTgCfNzDG7QRVCUCGLzCDJMmrmYM5u6zqwJNwSEL,0,1.3e-05,2.191e-05,300,8373.07,851.38,24473.09,1.5,-18.31,-58.26,0.39998000099994996,0.584414319449525,1.4062426758193967,240,13004.0,0.6438841399658458
H88xMt2eK9TXB8cgA9ZCX7j4oMehbnGATFaHxNdHpump,0,2.554e-05,2.554e-05,300,12644.93,8095.05,8095.05,1.5,-30.08,-30.08,0.6024060096023518,0.6024060096023518,1.515128558658202,1992,25540.0,0.49510295633896023
PFvZM1mksuoWfABmo81jimo14r5FneTdMBTZyBxpump,0,8.948e-05,8.948e-05,300,24187.18,12960.93,206689.99,1.5,3.33,172.0,0.8083319861133565,0.6543059400172635,1.89273122034535,7200,89480.0,0.27030822228086476
6KFDyCzdk7yo6dJfgLaGxGKjyL1mJwNae5k2PpfJpump,1,0.0004291,0.0008775,300,52141.78,48953.47,164086.28,1.5,-12.38,703.0,0.5418598350467034,0.5219456186900703,1.0918122270103936,10320,429154.0,0.121498995415401
EzCGABiy12zqJ5ArCvFZu91FbtVd4EX2g8LTca9ipump,0,9.088e-06,1.013e-05,300,7577.05,1252.7,56252.54,1.5,-14.83,-46.87,0.5184993148401911,0.537621032996946,1.1627281329027128,324,9088.0,0.8337422057942115
7AvwQTvkYoCyb4Z33MbhB3bRSS7i5DrYTA6GcfNvpump,0,2.386e-05,4.72e-05,300,12241.17,9056.8,48955.15,1.5,25.08,-34.91,0.5833310185277042,0.5570103566946405,1.2573891175841434,3024,23863.0,0.5129769721754611
7Dsbt2po9Cr6zfjHP6B2VgNZKs4QkAGN4dtygvPCpump,0,6.379e-06,8.65e-06,300,6366.28,2618.17,120741.36,1.5,-34.56,-82.53,0.40999590004099956,0.5491876956213008,1.2182180705519574,1200,6380.0,0.9978493733778411
Fo47Sxo6FUmPN7ToW6cVHXuBRENzSTUm7jvC5QA2pump,0,6.947e-05,7.964e-05,300,21275.9,61798.83,201959.84,1.5,-7.44,62.05,0.7207706960381244,0.7403068591447153,2.8506985463942422,19296,69477.0,0.3062293952498036
5ytXYLyMQNFDVucbGca87effpTWNsxNAihNtrGP6TRND,0,0.0002493,0.0003277,300,2534.7,0.0,763.18,1.5,0.0,22.42,0.0,0.4102458911309967,0.6956219294813268,0,249380.0,0.01016400669594993
7EWBKLiTkyK2RtZYdVmEqpS3xaP4ZSh4rsxZ9sDrpump,0,1.314e-05,1.314e-05,300,9292.72,6547.11,388574.29,1.5,-25.26,-64.11,0.5541365978560646,0.5536674139770887,1.2404817199447493,1884,13147.0,0.7068319231131115
5kATA4bhVerVk1fRvvjuFCQNb7KLYL629LLw42Xzpump,0,9.147e-05,0.0001287,300,24676.15,31395.12,361316.33,1.5,-21.59,150.0,0.83503692226522,0.8627788835002151,6.287508114697261,17604,91478.0,0.269749554321809
H44sHWrYq6QqY63A6ZUidQQt58VCT4nZWqtKhTVNpump,0,1.21e-05,1.346e-05,300,8738.76,352.16,31177.3,1.5,9.37,-54.69,0.571346950435652,0.5804591029205713,1.3835578532661554,84,12102.0,0.7220921564954423
7nDAVJC5SfNZoussBDML5boiD4bMBRwx94ssJYNxpump,0,2.008e-05,2.066e-05,300,11224.26,64146.35,64146.35,1.5,-44.19,-44.19,0.5698194989755073,0.5698194989755073,1.3246055960659737,21312,20088.0,0.5587544524714032
9FeDZrLFz59RhCpAaTaRFqTx1qAa2WUA7cH7vfhrpump,0,1.725e-05,2.32e-05,300,10407.76,5320.6,81441.13,1.5,100.0,-53.28,0.6447283588373837,0.5637355642677474,1.2921877606675403,912,17257.0,0.603103633128375
2BiamwFCutHWawEinzCc1bBKSWqjnTioba6JK2R4pump,0,2.036e-06,2.036e-06,300,3676.66,414.1,57787.95,1.5,-0.89,-96.89,0.30766864087377893,0.6791252894480643,2.1164811906800103,156,2037.0,1.8049377491714536
CZPhQyF55UefdDVr2WAtb71kpmFYwyDJYb5vppBmpump,0,3.082e-05,3.958e-05,300,13888.82,7092.42,7092.42,1.5,-13.0,-13.0,0.7148905749337237,0.7148905749337237,2.5074252623095177,2820,30829.0,0.45051151673711387
9fz2CTgCfNzDG7QRVCUCGLzCDJMmrmYM5u6zqwJNwSEL,0,1.699e-05,1.732e-05,300,9571.14,154.29,17649.66,1.5,-2.05,-34.78,0.44439506721475397,0.5995071265181167,1.4969233317587007,108,16998.0,0.5630744462245884
H88xMt2eK9TXB8cgA9ZCX7j4oMehbnGATFaHxNdHpump,0,1.391e-05,1.823e-05,300,9343.41,1266.94,26460.22,1.5,13.79,-61.91,0.666638890046248,0.5768148368507865,1.3630318051755606,288,13913.0,0.6715596441055384
6KFDyCzdk7yo6dJfgLaGxGKjyL1mJwNae5k2PpfJpump,0,0.0008158,0.00115,300,72168.21,26085.92,315356.98,1.5,-7.87,1427.0,0.5785418446672619,0.544101731068173,1.1934718075219002,3132,815821.0,0.08846083872753847
7AvwQTvkYoCyb4Z33MbhB3bRSS7i5DrYTA6GcfNvpump,0,3.737e-05,4.065e-05,300,15381.15,3966.27,98408.26,1.5,1.03,1.95,0.5221192732807675,0.5780252476014142,1.3698100284811052,1356,37374.0,0.41154678622714225
7Dsbt2po9Cr6zfjHP6B2VgNZKs4QkAGN4dtygvPCpump,0,1.195e-05,1.301e-05,300,8722.86,2189.02,93261.83,1.5,61.15,-79.25,0.6379200358614507,0.5257402941677383,1.108549361673337,696,11951.0,0.729885304168245
Fo47Sxo6FUmPN7ToW6cVHXuBRENzSTUm7jvC5QA2pump,0,2.051e-06,2.379e-06,300,3691.68,84.0,324499.9,1.5,0.83,-95.22,0.4999166805532411,0.7387659558955917,2.8279849911151946,72,2051.0,1.7999406143634251
5ytXYLyMQNFDVucbGca87effpTWNsxNAihNtrGP6TRND,0,0.0002569,0.0002949,300,2585.79,26.38,2670.14,1.5,-4.67,17.75,0.0,0.3124967448255747,0.4545385675974606,36,256977.0,0.010062340170278508
7EWBKLiTkyK2RtZYdVmEqpS3xaP4ZSh4rsxZ9sDrpump,0,5.479e-06,5.479e-06,300,5992.28,760.97,96426.52,1.5,20.15,-81.38,0.5714081639941431,0.5253567083423396,1.106845324849248,336,5480.0,1.0934815522843881
5kATA4bhVerVk1fRvvjuFCQNb7KLYL629LLw42Xzpump,0,0.0001077,0.0001241,300,27154.95,28303.24,406002.74,1.5,13.3,21.36,0.8157889625382441,0.8315571535690978,4.93673178284965,19152,107748.0,0.25202277302573806
7nDAVJC5SfNZoussBDML5boiD4bMBRwx94ssJYNxpump,0,1.645e-05,1.866e-05,300,10151.97,1623.61,99368.64,1.5,-12.1,-54.28,0.48146364949446313,0.5375216273921021,1.162263273763567,324,16456.0,0.6169159809846876
9FeDZrLFz59RhCpAaTaRFqTx1qAa2WUA7cH7vfhrpump,0,2.195e-05,2.195e-05,300,11707.14,1065.24,38012.18,1.5,-5.41,64.76,0.48647333855841735,0.5545629419018434,1.2449860913450082,444,21951.0,0.5333305756762527
2BiamwFCutHWawEinzCc1bBKSWqjnTioba6JK2R4pump,0,1.769e-06,1.769e-06,300,3422.66,0.0,687.63,1.5,0.0,-6.94,0.0,0.31427673495043,0.4583142369067955,0,1769.0,1.9347982279263833
CZPhQyF55UefdDVr2WAtb71kpmFYwyDJYb5vppBmpump,0,1.079e-05,1.079e-05,300,8207.97,1328.03,54858.05,1.5,2.52,-69.53,0.5747060378616338,0.6203121769207411,1.6337426148935323,1044,10795.0,0.7603491653219855
E2YxqFFfr2n2DZ7LSYTeTBvCvYtmn49fJgPK7XNupump,1,3.653e-05,0.0002681,300,15083.39,3033.35,3033.35,1.5,2.97,2.97,0.7207142277997495,0.7207142277997495,2.5805619173575045,1332,36532.0,0.41288157196754705
9fz2CTgCfNzDG7QRVCUCGLzCDJMmrmYM5u6zqwJNwSEL,0,1.452e-05,1.622e-05,300,8829.14,309.32,8061.5,1.5,12.87,-10.33,0.8748906386701663,0.5922301348051708,1.452363662337353,96,14526.0,0.6078162874971577
H88xMt2eK9TXB8cgA9ZCX7j4oMehbnGATFaHxNdHpump,0,1.51e-05,1.576e-05,300,9689.11,800.46,16172.66,1.5,8.77,-26.48,0.5714013618399123,0.5415850259477255,1.181429614221037,252,15100.0,0.6416628714130549
7w4veYrteNg5gRqAAujTQQ5sm3xGz2YBa6fLv1xx2o33,0,2.397e-05,3.425e-05,300,15938.91,59856.91,120055.01,1.5,-56.47,-60.21,0.620195463304097,0.42242114347843296,0.7313653169758294,15924,23976.0,0.6647860083088919
6KFDyCzdk7yo6dJfgLaGxGKjyL1mJwNae5k2PpfJpump,0,0.0009221,0.0009675,300,76953.35,23526.37,289416.3,1.5,-10.93,23.18,0.48325127630968273,0.562699956590193,1.286759434558002,2508,922108.0,0.08345372767240526
FLXuFnPsQoUbp6vgsqVK231M8Es1n2Mgq29kZpvTdmtz,1,5.013e-05,0.0001123,300,22729.77,14.9,14.9,1.5,0.19,0.19,0.9996667777407531,0.9996667777407531,3000.0,36,50131.0,0.4534074633778009
7AvwQTvkYoCyb4Z33MbhB3bRSS7i5DrYTA6GcfNvpump,0,3.561e-05,4.294e-05,300,15013.92,2616.99,69289.55,1.5,29.07,-10.15,0.5384532545653143,0.6017929315438125,1.511256276481753,780,35617.0,0.4215380177573064
Fo47Sxo6FUmPN7ToW6cVHXuBRENzSTUm7jvC5QA2pump,0,1.968e-06,1.968e-06,300,3619.43,38.41,88054.18,1.5,-1.83,-97.39,0.0,0.7293147844050746,2.6943281065504467,12,1968.0,1.8391403256400785
5ytXYLyMQNFDVucbGca87effpTWNsxNAihNtrGP6TRND,0,0.0002319,0.0002468,300,2459.1,45.64,2242.95,1.5,4.2,-18.53,0.9996667777407531,0.3452339853096987,0.5272631406701697,36,231968.0,0.010601031131013626
7EWBKLiTkyK2RtZYdVmEqpS3xaP4ZSh4rsxZ9sDrpump,0,4.514e-06,4.514e-06,300,5445.59,58.65,9739.57,1.5,-2.91,-61.66,0.0,0.475217273419028,0.9055505247193071,24,4514.0,1.2063776680598874
5kATA4bhVerVk1fRvvjuFCQNb7KLYL629LLw42Xzpump,0,8.41e-05,0.0001039,300,24237.44,17593.1,288430.46,1.5,7.34,-21.64,0.6758087885067618,0.7933832001620117,3.8398774968159266,4812,84102.0,0.2881910027325033
7nDAVJC5SfNZoussBDML5boiD4bMBRwx94ssJYNxpump,1,1.168e-05,4.305e-05,300,8568.66,2372.93,32287.16,1.5,19.34,-29.45,0.49179521647186114,0.4878814669320686,0.9526729368869612,732,11257.0,0.7611849728004821
9FeDZrLFz59RhCpAaTaRFqTx1qAa2WUA7cH7vfhrpump,0,1.349e-05,1.418e-05,300,9203.76,266.51,18759.28,1.5,-5.66,-24.61,0.4999500049995001,0.5736251129118398,1.3453538899284023,120,13499.0,0.6818104539735941
5bZ8duCeGa3t9kzhysuKRsgzK2w2PAKEsF4UAGPopump,0,9.423e-05,0.0001274,300,25360.61,326254.69,576919.89,1.5,-28.07,122.0,0.558381395302236,0.5124302378682344,1.050988551110662,62280,94230.0,0.2691351982475305
E2YxqFFfr2n2DZ7LSYTeTBvCvYtmn49fJgPK7XNupump,0,0.0002544,0.0002544,300,40953.45,73034.65,402363.85,1.5,-0.64,617.0,0.5746565176299293,0.5760285489357847,1.3586493795511212,14868,254409.0,0.16097484695519873
91UrtCR9KzBZAatcV7rRF2T4mmEvwoK9yMNQYALCpump,0,4.468e-05,4.687e-05,300,16796.03,21891.21,140816.93,1.5,61.32,25.97,0.5882343054885623,0.5350335575979016,1.1506928431949286,7140,44680.0,0.375918299554201
9fz2CTgCfNzDG7QRVCUCGLzCDJMmrmYM5u6zqwJNwSEL,0,1.552e-05,1.783e-05,300,9145.9,50.92,3145.16,1.5,-0.09,-10.39,0.3999200159968006,0.5581330449645934,1.2631246546143524,60,15523.0,0.5891837538372896
3h2KnshvhjEZD9AKMNkx2fdpcG1SZLYKWTyc95rqFHvs,0,0.000369,0.0003806,300,15488.12,489.3,558.33,1.5,-11.47,-14.96,0.33322225924691773,0.2499375156210947,0.33322225924691773,36,89067.0,0.1738929101250417
ESGqWjdxfNHWXKQ8a5GPtGfbQXw6FMuW1HQhMHRzmuY1,0,1.198e-06,1.198e-06,300,904.16,559.69,634.95,1.5,136.0,68.38,0.6296063108773748,0.4318083679916366,0.7599696012159514,324,1198.0,0.7547239109149324
4mngD6C2oa7yKpSXbf8PTGsKLXEEpX1pcDAFuUsVpump,0,3.177e-05,3.292e-05,300,14069.65,953.2,953.2,1.5,-10.05,-10.05,0.639974401023959,0.639974401023959,1.7775802688590159,300,31771.0,0.4428456629364621
7w4veYrteNg5gRqAAujTQQ5sm3xGz2YBa6fLv1xx2o33,0,1.297e-05,1.297e-05,300,11816.94,2734.0,179360.39,1.5,-16.39,-78.47,0.5479376994835686,0.47317762629450727,0.8981729894391801,876,12970.0,0.9110978480263803
6KFDyCzdk7yo6dJfgLaGxGKjyL1mJwNae5k2PpfJpump,0,2.046e-06,2.124e-06,300,3645.04,0.08,193311.31,1.5,-1.2,-99.75,0.0,0.37127172736656583,0.5905122189137302,12,2047.0,1.7806732874092392
3VLUdCvBQyF7dCfyZiPXxPobZcvTvRhgn9uoG5BCpump,1,7.767e-05,0.0002628,300,22112.69,52090.43,52090.43,1.5,113.0,113.0,0.7282344373712502,0.7282344373712502,2.6796420794715172,10200,77677.0,0.28467486791875496
7Dx5KgvV3q1s25t7h7xDoQAKe9BmtC5Uct2tgSPTpump,0,1.545e-05,1.545e-05,300,9834.23,13201.08,63022.97,1.5,42.38,-57.66,0.6902333662176222,0.6112050870373021,1.5720501134641727,3564,15458.0,0.6361902810072272
HHnp12bDzTdYWjrPcP3AYnadzh165xKDXi76P8AHpump,1,8.743e-05,0.0001976,300,24097.88,137776.4,337998.88,1.5,-10.82,139.0,0.4226002921050371,0.4656791610141951,0.8715347166659293,15504,87436.0,0.27560592575591375
7auG4gQYwSHJf1n8MXRS11xt5T6gtTXnJWQTtB8xpump,0,1.734e-05,1.864e-05,300,10398.88,3273.34,3273.34,1.5,-52.43,-52.43,0.4657470445610334,0.4657470445610334,0.8717725186533679,876,17349.0,0.5993935904436226
7AvwQTvkYoCyb4Z33MbhB3bRSS7i5DrYTA6GcfNvpump,0,3.658e-05,4.134e-05,300,15223.07,307.74,40485.43,1.5,-1.35,25.4,0.6666507940287136,0.6243692232191401,1.6621886751931205,504,36590.0,0.4160445363201821
Fo47Sxo6FUmPN7ToW6cVHXuBRENzSTUm7jvC5QA2pump,0,1.905e-06,1.905e-06,300,3560.16,0.0,528.25,1.5,0.0,-14.14,0.0,0.1578864270301563,0.18748828198237608,0,1906.0,1.8678689045808474
5ytXYLyMQNFDVucbGca87effpTWNsxNAihNtrGP6TRND,0,0.0002468,0.0002468,300,2535.07,0.0,1200.82,1.5,0.0,-5.75,0.0,0.4102458911309967,0.6956219294813268,0,246860.0,0.010269261888239239
7nDAVJC5SfNZoussBDML5boiD4bMBRwx94ssJYNxpump,0,4.027e-05,4.228e-05,300,15872.94,821.15,26099.26,1.5,3.41,224.0,0.4782400765184122,0.5466229153972422,1.2056694834415482,276,38806.0,0.4090331286648166
5bZ8duCeGa3t9kzhysuKRsgzK2w2PAKEsF4UAGPopump,0,3.07e-05,5.087e-05,300,14884.89,29986.28,944885.21,1.5,-54.72,-27.75,0.6008575095028477,0.5518947289467337,1.2316184713683718,8388,30702.0,0.4848182370914521
nhNV36zeFCofiA7TKwTj1gQ5w9uMAMTjwsTuqNvpump,0,8.38e-05,0.0001187,300,22956.82,31336.56,46010.65,1.5,61.43,131.0,0.8545279726954961,0.8279740546693315,4.81307661514546,38028,83807.0,0.2739248478775657
91UrtCR9KzBZAatcV7rRF2T4mmEvwoK9yMNQYALCpump,0,3.426e-05,3.684e-05,300,14774.04,8696.04,231186.96,1.5,-19.97,-3.39,0.6326504789776368,0.5518005543948533,1.2311495692499734,2940,34265.0,0.4311699859573914
3h2KnshvhjEZD9AKMNkx2fdpcG1SZLYKWTyc95rqFHvs,0,0.0003691,0.0003691,300,15252.2,1.41,686.1,1.5,-3.02,-14.93,0.9995002498750625,0.7332844477034864,2.7493126718320418,24,89094.0,0.17119222202177226
ESGqWjdxfNHWXKQ8a5GPtGfbQXw6FMuW1HQhMHRzmuY1,0,8.563e-07,8.563e-07,300,765.73,108.68,1675.65,1.5,-15.42,38.24,0.5999400059994001,0.5882283737838379,1.4285306134110456,120,856.0,0.8945433474960894
5zHrdYRtUzjkQwnq6HkS6Vq7KCeEQPysmaUmwKqfFLqB,0,8.378e-05,8.417e-05,300,22667.0,2.01,704.47,1.5,0.34,4.14,0.9990009990009991,0.6428112277694451,1.7996400719856027,12,83780.0,0.2705538282340197
4mngD6C2oa7yKpSXbf8PTGsKLXEEpX1pcDAFuUsVpump,0,2.125e-05,2.126e-05,300,11517.3,5001.33,39381.39,1.5,-17.23,-39.83,0.6035981657822902,0.5593995854676062,1.2696301842141775,1332,21251.0,0.5419650584930094
7w4veYrteNg5gRqAAujTQQ5sm3xGz2YBa6fLv1xx2o33,1,6.181e-06,4.596e-05,300,8165.15,8.42,35136.05,1.5,-0.31,-74.86,0.4999166805532411,0.5340626106294275,1.1462111064984166,72,6182.0,1.3207940276942691
9WpkZ5dr6RNJDxaLD4535ssRg6vNcnhZMj2LzAQa8AmP,0,6.889e-05,6.954e-05,300,21050.74,32750.05,204571.85,1.5,10.14,89.78,0.5862564528414432,0.5674754007076627,1.3120072283428994,8208,68899.0,0.3055304096499164
3VLUdCvBQyF7dCfyZiPXxPobZcvTvRhgn9uoG5BCpump,0,0.0001845,0.0002065,300,34985.71,54921.04,459223.61,1.5,-30.32,406.0,0.8155442975124159,0.8048295506859025,4.123726483770348,10344,184597.0,0.1895248016515718
7Dx5KgvV3q1s25t7h7xDoQAKe9BmtC5Uct2tgSPTpump,0,6.925e-06,9.539e-06,300,6579.7,545.68,78965.69,1.5,21.09,-81.03,0.6785471947430448,0.6074686276063785,1.5475670744534098,336,6926.0,0.9499998628357114
HHnp12bDzTdYWjrPcP3AYnadzh165xKDXi76P8AHpump,1,9.752e-05,0.0002308,300,26968.04,73511.22,1115430.52,1.5,-11.75,167.0,0.5453116479505501,0.4803187403713927,0.9242564196266281,7680,97528.0,0.2765158695296133
7auG4gQYwSHJf1n8MXRS11xt5T6gtTXnJWQTtB8xpump,0,2.864e-06,2.864e-06,300,4230.3,165.61,15427.89,1.5,-8.55,-92.15,0.2499375156210947,0.48577574228502785,0.9446768311624205,48,2865.0,1.4765439872446815
7nDAVJC5SfNZoussBDML5boiD4bMBRwx94ssJYNxpump,0,2.596e-05,2.957e-05,300,12780.34,938.17,30054.43,1.5,0.27,39.4,0.7692011845698242,0.5588713783227557,1.2669125304040212,312,24833.0,0.514651451107339
BEGDk69Y7eGuNb4EuxeVQqY9w4kX87Sj2WH46Exspump,0,3.908e-05,4.473e-05,300,15703.06,22620.97,61214.99,1.5,-36.27,8.66,0.45219521396585544,0.4581276274604656,0.8454530082672578,4644,39081.0,0.40180802943097593
5bZ8duCeGa3t9kzhysuKRsgzK2w2PAKEsF4UAGPopump,0,2.224e-05,2.278e-05,300,12721.34,2726.13,288403.24,1.5,-6.14,-70.62,0.5294073159049083,0.5785755475904139,1.3729045485668474,1428,22240.0,0.572002672122182
nhNV36zeFCofiA7TKwTj1gQ5w9uMAMTjwsTuqNvpump,0,0.0001169,0.0001273,300,27628.73,29136.38,268509.23,1.5,31.58,222.0,0.8416326278559484,0.8789294283936504,7.259645483886976,12048,116973.0,0.2361974965487976
9THJDy8AnpokmUwGSzq84Voe8RHZKZWpidM5MButoz6x,0,6.174e-05,0.0001082,300,21672.32,1087.52,1087.52,1.5,23.27,23.27,0.9999411799305923,0.9999411799305923,17000.0,204,61745.0,0.3509971600777851
91UrtCR9KzBZAatcV7rRF2T4mmEvwoK9yMNQYALCpump,0,1.815e-05,1.845e-05,300,10760.02,3355.36,77439.06,1.5,-20.37,-33.3,0.48147702336089476,0.5774323538454299,1.3664850092053955,1296,17233.0,0.6243845746889936
3h2KnshvhjEZD9AKMNkx2fdpcG1SZLYKWTyc95rqFHvs,0,0.0003465,0.0003465,300,14311.96,0.51,24.57,1.5,0.24,-8.65,0.9990009990009991,0.7999200079992002,3.99800099950025,12,83653.0,0.17108722734286602
Dz4f3ZjtpizTEKkML9djhsT2MstNvjxPFMmigwaxpump,0,3.712e-05,3.778e-05,300,15239.85,21177.02,21177.02,1.5,1.28,1.28,0.5784459929540524,0.5784459929540524,1.3721752925740882,7572,37129.0,0.41045677474597286
ESGqWjdxfNHWXKQ8a5GPtGfbQXw6FMuW1HQhMHRzmuY1,0,6.828e-07,6.828e-07,300,683.9,1.17,538.38,1.5,0.66,-32.19,0.9995002498750625,0.5319035765196486,1.1363119858188264,24,683.0,1.0013162499030015
5zHrdYRtUzjkQwnq6HkS6Vq7KCeEQPysmaUmwKqfFLqB,0,7.918e-05,7.918e-05,300,22016.68,322.86,469.19,1.5,-3.48,-4.65,0.0,0.6153372817475579,1.5996800639872024,24,79187.0,0.27803401722461996
4mngD6C2oa7yKpSXbf8PTGsKLXEEpX1pcDAFuUsVpump,0,1.787e-05,2.836e-05,300,10560.21,318.29,27212.88,1.5,-8.2,6.42,0.33327778703549404,0.5632993409682205,1.2898980785078877,72,17877.0,0.5907148520045392
7w4veYrteNg5gRqAAujTQQ5sm3xGz2YBa6fLv1xx2o33,0,1.141e-05,1.243e-05,300,11240.13,4875.22,91034.95,1.5,-24.57,32.71,0.5662582378525559,0.5465833659420001,1.205477092999818,996,11412.0,0.9849394510217795
9WpkZ5dr6RNJDxaLD4535ssRg6vNcnhZMj2LzAQa8AmP,0,2.812e-05,2.812e-05,300,13523.48,2818.98,291328.23,1.5,-9.76,-22.53,0.4725222799749453,0.5663308537653448,1.3059053397792502,1092,28123.0,0.48086902247736646
3VLUdCvBQyF7dCfyZiPXxPobZcvTvRhgn9uoG5BCpump,0,2.805e-05,2.805e-05,300,13772.02,6316.89,470896.4,1.5,12.9,-76.27,0.9318139463002441,0.8233185767920383,4.659904600287022,2640,28051.0,0.4909635845080894
7Dx5KgvV3q1s25t7h7xDoQAKe9BmtC5Uct2tgSPTpump,0,6.854e-06,7.78e-06,300,6550.73,93.93,18619.12,1.5,5.2,-20.71,0.714183688044565,0.5425700457929119,1.1861270579304457,84,6855.0,0.9556132814568516
25phdMqSQ11NuyVEwBJzJv1SeodGNfyZCu4ABNhdbonk,0,0.0001342,0.0002369,300,33738.77,62319.21,362676.94,1.5,40.31,268.0,0.5541279319927229,0.5390970865957021,1.169654326143982,13080,134224.0,0.2513616771116814
AxJZom869nbgUNKL9iwNezJS8dSZ7yeJq9BRPyMPpump,0,9.978e-05,0.0001287,300,25337.57,7632.42,90497.55,1.5,7.36,27.09,0.5806404787058169,0.570654568855456,1.3291269161388577,1488,99789.0,0.2539114506216973
HHnp12bDzTdYWjrPcP3AYnadzh165xKDXi76P8AHpump,0,2.8e-06,2.8e-06,300,4676.57,28.98,1039090.05,1.5,2.47,-95.71,0.33322225924691773,0.4796953761311287,0.9219510150884667,36,2801.0,1.6696066870379551
J3L46XFMvm8ngQ4AQ9Hf2CAUnQt8Vyj15FyHmJeJamV7,0,2.62e-05,2.64e-05,300,3548.99,0.0,360.31,1.5,0.0,-25.26,0.0,0.28569387900864224,0.3999600039996001,0,13105.0,0.2708118831887155
9CaQUthsVMugZzMvskrrvcHXyjFqHGdNtGkPT8QSRACE,0,0.001943,0.001943,300,76055.26,12312.18,21195.17,1.5,58.45,127.0,0.5263088643570479,0.7407373114013361,2.8570918376457564,912,971893.0,0.07825476664791826
2MHXWvLr1CSumdtCpCR9tnmRVVk5yj9xeHBLEgunbonk,0,2.211e-05,3.715e-05,300,16657.29,4768.58,463063.25,1.5,53.44,-39.19,0.5249934375820302,0.5481863187468469,1.2133017247870714,960,22117.0,0.7531441536761698
BEGDk69Y7eGuNb4EuxeVQqY9w4kX87Sj2WH46Exspump,0,3.671e-06,5.083e-06,300,4821.8,415.47,85727.17,1.5,-19.09,-89.79,0.2222098772290428,0.42791998409117715,0.7480072231003754,216,3672.0,1.3131260040506525
DZACFvNvjqWpd1HpvtBQBWeuS6t7k7HvL7SsNoK7NbLU,0,2.601e-05,2.601e-05,300,13539.3,7401.43,52614.49,1.5,149.0,-28.41,0.5704185181794494,0.5482704983641943,1.2137141727046687,1704,26012.0,0.5205020559548648
9THJDy8AnpokmUwGSzq84Voe8RHZKZWpidM5MButoz6x,0,0.0001113,0.0001113,300,29380.49,12455.27,79238.42,1.5,8.53,122.0,0.534560980274239,0.5531201511440745,1.2377379569925544,5208,111390.0,0.26376236409226717
nhNV36zeFCofiA7TKwTj1gQ5w9uMAMTjwsTuqNvpump,0,2.283e-06,2.328e-06,300,3877.63,89.85,210361.33,1.5,7.66,-97.3,0.6665555740709881,0.4536826293656155,0.8304378622242939,72,2283.0,1.6984793261150564
Dz4f3ZjtpizTEKkML9djhsT2MstNvjxPFMmigwaxpump,0,2.112e-06,2.315e-06,300,3648.79,91.97,66224.41,1.5,-3.47,-94.24,0.181801654395055,0.5441032866235442,1.1934792918198824,132,2112.0,1.7276459622888434
3h2KnshvhjEZD9AKMNkx2fdpcG1SZLYKWTyc95rqFHvs,0,0.0003446,0.0003452,300,14231.51,0.0,5.2,1.5,0.0,-6.63,0.0,0.857020425653478,5.994005994005994,0,83184.0,0.1710847017324882
ESGqWjdxfNHWXKQ8a5GPtGfbQXw6FMuW1HQhMHRzmuY1,0,6.417e-07,6.417e-07,300,662.11,0.0,124.73,1.5,0.0,-16.9,0.0,0.3157728540603126,0.4615029613106684,0,642.0,1.0313223811177865
14JzP9EVVmNoTZpdrMhmRSppN3jDJDfZXULJBfYNTWUe,0,5.817e-05,5.817e-05,300,30601.45,18079.24,504532.77,1.5,-1.01,-7.48,0.6339257414029401,0.5591013479843221,1.2680949361678724,2688,58175.0,0.5260240562780567
5zHrdYRtUzjkQwnq6HkS6Vq7KCeEQPysmaUmwKqfFLqB,0,7.918e-05,7.988e-05,300,22016.68,0.0,332.93,1.5,0.0,-5.57,0.0,0.33327778703549404,0.4998750312421894,0,79187.0,0.27803401722461996
9WpkZ5dr6RNJDxaLD4535ssRg6vNcnhZMj2LzAQa8AmP,0,1.843e-05,1.843e-05,300,10978.95,99.8,66675.3,1.5,-0.5,-49.74,0.666611115740355,0.5526164588539906,1.2352185720521107,144,17732.0,0.6191602402909858
3VLUdCvBQyF7dCfyZiPXxPobZcvTvRhgn9uoG5BCpump,0,1.927e-06,2.452e-06,300,3620.7,10.31,119278.14,1.5,0.79,-98.52,0.9990009990009991,0.7385597636608756,2.8249659425141465,12,1928.0,1.8779554574919826
25phdMqSQ11NuyVEwBJzJv1SeodGNfyZCu4ABNhdbonk,0,0.0002228,0.0003514,300,46541.51,25384.13,644285.66,1.5,26.28,512.0,0.5472960646485031,0.5376370854314696,1.1628032190539845,5328,222896.0,0.20880370123822906
AxJZom869nbgUNKL9iwNezJS8dSZ7yeJq9BRPyMPpump,0,0.0001167,0.0001487,300,27622.02,6544.21,104752.06,1.5,8.14,59.44,0.5614018672460023,0.5737461434377158,1.3460198297440624,4104,116771.0,0.23654862734284515
HHnp12bDzTdYWjrPcP3AYnadzh165xKDXi76P8AHpump,0,2.243e-06,2.274e-06,300,4196.17,0.0,289547.39,1.5,0.0,-98.46,0.0,0.3948530780647052,0.652491260803149,0,2243.0,1.8707838293429204
J3L46XFMvm8ngQ4AQ9Hf2CAUnQt8Vyj15FyHmJeJamV7,0,2.574e-05,2.574e-05,300,3527.83,4.77,51.73,1.5,-0.96,-1.62,0.0,0.3999600039996001,0.6665555740709881,12,12872.0,0.2740700532885291
9CaQUthsVMugZzMvskrrvcHXyjFqHGdNtGkPT8QSRACE,0,0.00112,0.001131,300,57989.73,341.3,29337.5,1.5,2.34,8.94,0.999857163262391,0.5860631718722464,1.4158275660637023,84,560296.0,0.10349838281283753
EQac7gFWShiJjyoagABpcDCfPNw1sWWUJ1KFKMd9pump,0,3.215e-05,5.228e-05,300,14215.08,3762.92,3762.92,1.5,-12.31,-12.31,0.49549103161232777,0.49549103161232777,0.9821253191907288,1332,32154.0,0.44209366044368786
2MHXWvLr1CSumdtCpCR9tnmRVVk5yj9xeHBLEgunbonk,0,1.306e-05,1.377e-05,300,14109.0,677.42,234906.3,1.5,-18.26,-65.19,0.29999000033332224,0.5801860889327239,1.382007774486892,360,13062.0,1.0801560955323768
BEGDk69Y7eGuNb4EuxeVQqY9w4kX87Sj2WH46Exspump,0,2.835e-06,3.126e-06,300,4250.18,15.77,20306.65,1.5,-1.82,-93.08,0.0,0.37054206117509897,0.5886685008165005,60,2835.0,1.4991811290366388
DZACFvNvjqWpd1HpvtBQBWeuS6t7k7HvL7SsNoK7NbLU,0,6.108e-06,9.84e-06,300,6811.11,273.79,71341.91,1.5,0.61,-83.19,0.3845858010922237,0.551330499005704,1.2288120716560875,156,6109.0,1.1149302480061796
Dz4f3ZjtpizTEKkML9djhsT2MstNvjxPFMmigwaxpump,0,2.23e-06,2.329e-06,300,3750.07,48.77,26386.09,1.5,3.88,-94.65,0.9990009990009991,0.504337847789753,1.0175032439753962,12,2231.0,1.6808912232670445
4wQXjYfxSW7XhjZyao8QR4EpcB1UPwNKtWFKtiVPpump,0,3.83e-05,3.83e-05,300,15477.8,13934.23,13934.23,1.5,6.32,6.32,0.552131393053571,0.552131393053571,1.232797710065026,5064,38307.0,0.40404624731651534
7mtXLUoAcT9Sxrf1K5PjSmfkPbYMyMP5pmrdFFixbonk,1,7.269e-05,0.0002273,300,25462.79,51618.7,334713.15,1.5,-46.01,98.39,0.569511500595731,0.5848450469153342,1.408739176950304,9840,72694.0,0.35027360785933354
14JzP9EVVmNoTZpdrMhmRSppN3jDJDfZXULJBfYNTWUe,0,2.835e-05,3.154e-05,300,24307.89,2061.1,71402.88,1.5,14.85,-35.32,0.5172235440157236,0.5854283781893113,1.4121284414798734,348,28355.0,0.8572699397894572
6USGQd2DpD8UgqX1dw7NrQCfN9oXNe9hDXXUSrFNJJRr,0,3.312e-05,3.905e-05,300,14379.0,2504.01,2504.01,1.5,-5.6,-5.6,0.723396559611068,0.723396559611068,2.615284027537402,1128,33074.0,0.43475236032072445
25phdMqSQ11NuyVEwBJzJv1SeodGNfyZCu4ABNhdbonk,0,0.0002784,0.0002784,300,55825.79,45682.62,533394.93,1.5,-13.06,76.6,0.6252009285930071,0.5532331924672987,1.2383041513817132,7428,278493.0,0.20045670734827553
AxJZom869nbgUNKL9iwNezJS8dSZ7yeJq9BRPyMPpump,0,0.0001078,0.0001121,300,26594.57,8043.55,99731.66,1.5,-15.09,1.45,0.5126566055170712,0.5530163270072379,1.237218181381298,3792,107856.0,0.24657478261223498
J3L46XFMvm8ngQ4AQ9Hf2CAUnQt8Vyj15FyHmJeJamV7,0,2.52e-05,3.678e-05,300,3483.35,25.14,73.33,1.5,-2.11,-3.41,0.0,0.2499687539057618,0.33327778703549404,12,12601.0,0.27643438802996684
9CaQUthsVMugZzMvskrrvcHXyjFqHGdNtGkPT8QSRACE,0,0.001131,0.001432,300,58166.16,264.88,4513.02,1.5,1.91,-8.16,0.9996667777407531,0.5535615435438653,1.2399504019839205,36,565708.0,0.10282011196090543
EQac7gFWShiJjyoagABpcDCfPNw1sWWUJ1KFKMd9pump,0,2.688e-05,3.584e-05,300,13067.19,4561.79,102000.68,1.5,-39.97,-26.67,0.49999590167293706,0.5501593228786519,1.2230092805285417,1464,26889.0,0.4859678498282625
2MHXWvLr1CSumdtCpCR9tnmRVVk5yj9xeHBLEgunbonk,0,1.218e-05,1.259e-05,300,13746.86,229.55,31595.3,1.5,-3.73,-48.94,0.7776913676258194,0.541054925139406,1.1789099715336373,108,12184.0,1.128271411008584
BEGDk69Y7eGuNb4EuxeVQqY9w4kX87Sj2WH46Exspump,0,2.945e-06,2.945e-06,300,4320.86,0.0,2248.64,1.5,0.0,-13.05,0.0,0.3950568511499858,0.6530478969816943,0,2946.0,1.4666865354085077
FSu3og1HvNoNb4VhgmwKfoEYaPHncz7iX3j6HAXNpump,0,7.655e-05,0.0001197,300,22074.35,39424.81,72495.64,1.5,46.04,110.0,0.7698240211761255,0.7757253012720311,3.458817716272746,17100,76556.0,0.2883425167414374
DZACFvNvjqWpd1HpvtBQBWeuS6t7k7HvL7SsNoK7NbLU,0,6.298e-06,6.298e-06,300,6947.35,35.95,10392.89,1.5,-2.15,-59.29,0.0,0.5192291050349198,1.0799928000479997,36,6299.0,1.1029288612591108
4wQXjYfxSW7XhjZyao8QR4EpcB1UPwNKtWFKtiVPpump,0,1.095e-05,1.397e-05,300,8300.09,1879.82,73464.88,1.5,-13.64,-69.59,0.5555504115702632,0.5801919511485768,1.382041036935707,1296,10958.0,0.7574456326477794
14JzP9EVVmNoTZpdrMhmRSppN3jDJDfZXULJBfYNTWUe,0,1.879e-05,1.879e-05,300,21652.12,969.52,21323.97,1.5,-24.81,-60.29,0.19999000049997498,0.5158219686361256,1.065355995568642,240,18797.0,1.1518922619624268
7mtXLUoAcT9Sxrf1K5PjSmfkPbYMyMP5pmrdFFixbonk,0,0.0001814,0.0002519,300,42176.96,13412.16,521374.56,1.5,-10.21,549.0,0.3953927151771302,0.5443714999679299,1.1947705201268435,6252,181417.0,0.23248625965325048
6USGQd2DpD8UgqX1dw7NrQCfN9oXNe9hDXXUSrFNJJRr,0,2.418e-05,2.897e-05,300,12320.67,1134.62,34336.04,1.5,-24.64,-31.08,0.3777693829026022,0.6274875568838324,1.6844740853076712,540,24149.0,0.5101937757176788
25phdMqSQ11NuyVEwBJzJv1SeodGNfyZCu4ABNhdbonk,0,0.0002035,0.0002035,300,50243.54,11866.1,427452.53,1.5,4.04,-4.77,0.7040327173420747,0.5824653221723423,1.3950106496609642,2676,203527.0,0.24686424775649302
J3L46XFMvm8ngQ4AQ9Hf2CAUnQt8Vyj15FyHmJeJamV7,0,3.678e-05,3.823e-05,300,4215.67,211.23,431.27,1.5,26.06,42.89,0.9996667777407531,0.857020425653478,5.994005994005994,36,18393.0,0.22919968307510014
9CaQUthsVMugZzMvskrrvcHXyjFqHGdNtGkPT8QSRACE,0,0.001432,0.001481,300,65558.56,1016.94,4304.89,1.5,6.24,27.6,0.6664445184938355,0.7618684824532165,3.199360127974405,36,716171.0,0.09154037221342336
EQac7gFWShiJjyoagABpcDCfPNw1sWWUJ1KFKMd9pump,0,3.609e-05,3.934e-05,300,15187.47,2160.51,90007.54,1.5,13.72,-4.59,0.48836073579684197,0.5527851372087506,1.2360616410612884,516,36100.0,0.42070552851231224
9erfJEY2ChwchADMK2J2fg9Gvbw5X1zxLpkAoYgzpump,0,3.88e-05,5.658e-05,300,15608.38,3279.68,3279.68,1.5,11.16,11.16,0.6842015236641623,0.6842015236641623,2.166576392650306,912,38802.0,0.4022570897825605
2MHXWvLr1CSumdtCpCR9tnmRVVk5yj9xeHBLEgunbonk,0,9.786e-06,1.202e-05,300,12697.44,96.8,4067.76,1.5,-3.86,-27.67,0.0,0.4032225546568173,0.6756665450466885,36,9786.0,1.2975105970252814
FSu3og1HvNoNb4VhgmwKfoEYaPHncz7iX3j6HAXNpump,0,0.0001041,0.000113,300,26405.91,36720.43,341510.88,1.5,5.59,185.0,0.7039903503432923,0.7793812167611851,3.532705626055068,10824,104186.0,0.25344969330380573
DZACFvNvjqWpd1HpvtBQBWeuS6t7k7HvL7SsNoK7NbLU,0,5.777e-06,5.899e-06,300,6704.7,0.35,2779.83,1.5,0.07,-12.02,0.0,0.4492688511760699,0.8157680061051026,12,5777.0,1.1605848778630987
GEeEMpsLUSf5NQF5wAAR5r9mKF7Q6acRzxcPr8awpump,0,8.532e-05,0.0001229,300,23339.43,49658.87,56946.7,1.5,156.0,131.0,0.8227844629601422,0.8087088613107071,4.227633683671375,28440,85322.0,0.2735452723383738
CdmVGYjAkba7n1junJiQnBCfbWtXBPZXUZ4Mqhz4pump,0,0.0001134,0.000189,300,27469.21,59490.42,293177.23,1.5,26.71,153.0,0.8218119648141592,0.8050918260394039,4.130621151897747,15624,113490.0,0.24204079441324525
4wQXjYfxSW7XhjZyao8QR4EpcB1UPwNKtWFKtiVPpump,0,3.471e-06,3.791e-06,300,4691.86,1029.15,36698.52,1.5,-37.57,-83.15,0.2714246939329438,0.5638646168996579,1.2928660199301671,840,3471.0,1.35173110004866
13B2d6mPB43Mm4aUc8n67BbymkTpJCEvXnE14bvBpump,0,3.863e-05,4.049e-05,300,15628.18,2924.58,2924.58,1.5,4.66,4.66,0.6290221125465718,0.6290221125465718,1.6955784531107343,744,38230.0,0.40879360688481287
14JzP9EVVmNoTZpdrMhmRSppN3jDJDfZXULJBfYNTWUe,0,1.762e-05,1.847e-05,300,21220.7,94.27,7119.19,1.5,-3.16,-41.91,0.0,0.41121303171480506,0.6984071554987659,84,17626.0,1.2039429703878946
7mtXLUoAcT9Sxrf1K5PjSmfkPbYMyMP5pmrdFFixbonk,0,0.000145,0.0002643,300,39594.39,9876.06,285014.78,1.5,-16.23,-9.14,0.6019388255396818,0.39510706108416005,0.6531851103970849,2472,145003.0,0.273059107238753
5DzA6p23UJEuPjEuXCbyNS5dLKQorro9WmazZHNrbonk,0,3.299e-05,3.299e-05,300,14606.5,11419.19,11419.19,1.5,-12.55,-12.55,0.6964270169039801,0.6964270169039801,2.294100778670745,5376,32993.0,0.44271510797093
526VE3BG8KRNLH85wVsvXBUpvfdzWQ2bxn9ZKXJfpump,1,3.893e-05,8.132e-05,300,15657.79,10387.36,10387.36,1.5,5.23,5.23,0.6334636116987582,0.6334636116987582,1.7282420843251702,3012,38938.0,0.4021210539287829
9erfJEY2ChwchADMK2J2fg9Gvbw5X1zxLpkAoYgzpump,0,7.717e-06,9.927e-06,300,7051.58,13104.98,167306.17,1.5,-72.39,-77.89,0.5683049757650714,0.6057460882390087,1.5364364694147423,6588,7718.0,0.9136536779406998
FSu3og1HvNoNb4VhgmwKfoEYaPHncz7iX3j6HAXNpump,0,2.305e-06,2.368e-06,300,3957.07,10.28,304151.74,1.5,-0.21,-97.57,0.33327778703549404,0.4425215267698659,0.7937912368271616,72,2305.0,1.7167324439338638
3kKD1N2NdFb8gKissQjt8wgeoVewh6puKRWE8chmpump,0,1.355e-05,1.637e-05,300,9346.35,514.95,542.79,1.5,23.56,23.0,0.909008271975275,0.7856581672737661,3.665444851716095,132,13554.0,0.6895639154814878
GEeEMpsLUSf5NQF5wAAR5r9mKF7Q6acRzxcPr8awpump,0,9.977e-05,0.0001569,300,25754.44,29296.89,295279.07,1.5,-0.66,170.0,0.8202951159671079,0.8295229580984409,4.865892491127597,11352,99771.0,0.2581355277772546
CdmVGYjAkba7n1junJiQnBCfbWtXBPZXUZ4Mqhz4pump,0,7.406e-05,7.406e-05,300,22648.78,45053.87,562822.92,1.5,-35.53,65.0,0.882294861580874,0.8544503599580012,5.870508231497154,12336,74070.0,0.3057753435159262
9URgtzxdQKefqTkP9EXusWPFDNENtKaLSjEcmETmpump,0,3.019e-05,3.486e-05,300,13832.57,2654.07,2654.07,1.5,-18.68,-18.68,0.45454086322360376,0.45454086322360376,0.8333179015203422,1188,30048.0,0.4603490927732597
4wQXjYfxSW7XhjZyao8QR4EpcB1UPwNKtWFKtiVPpump,0,2.558e-06,2.688e-06,300,4035.51,6.68,9231.42,1.5,-2.78,-80.22,0.0,0.4330133181499566,0.7637098577643132,48,2534.0,1.5925447543233013
13B2d6mPB43Mm4aUc8n67BbymkTpJCEvXnE14bvBpump,0,7.991e-06,7.991e-06,300,7150.53,1525.66,97714.41,1.5,-19.45,-78.35,0.5101936695169487,0.5847994815426875,1.4084748345583098,588,7907.0,0.9043289611320398
7mtXLUoAcT9Sxrf1K5PjSmfkPbYMyMP5pmrdFFixbonk,1,0.0002482,0.0005193,300,52520.72,15267.12,223619.12,1.5,-0.42,21.31,0.4464272427760632,0.3865560982401292,0.6301409095944432,4032,248240.0,0.21157234848705953
5DzA6p23UJEuPjEuXCbyNS5dLKQorro9WmazZHNrbonk,0,5.159e-06,5.161e-06,300,6275.99,1042.12,61567.42,1.5,12.87,-86.32,0.5999866669629564,0.6427466656069962,1.7991341262050473,540,5159.0,1.2165126542910147
HfyevJVA9iEa1b6mESzoAGupzRCc7Ht4WBXEfkSnpump,0,3.484e-05,5.034e-05,300,14848.77,5043.73,5043.73,1.5,-5.88,-5.88,0.6611074382920095,0.6611074382920095,1.950787692005049,2160,34844.0,0.42614997055016735
A5Kff1PFfrccpyW5pw79waB6KrK98TZm8vNnmmrWpump,0,8.661e-05,9.05e-05,300,23684.15,48099.64,118707.45,1.5,9.84,133.0,0.6946297069971359,0.6560106629529792,1.9070668544103953,7152,86613.0,0.27344797809280386
526VE3BG8KRNLH85wVsvXBUpvfdzWQ2bxn9ZKXJfpump,0,4.423e-05,5.705e-05,300,17099.52,15964.98,222176.97,1.5,-26.44,19.55,0.5847241414698294,0.5713787912747711,1.3330623395284626,5028,44234.0,0.3865695983503731
9erfJEY2ChwchADMK2J2fg9Gvbw5X1zxLpkAoYgzpump,0,8.542e-06,9.391e-06,300,7433.99,1465.89,118288.93,1.5,40.81,-71.88,0.6922899412835569,0.5931459435336399,1.4578838138797885,468,8542.0,0.8702867161921427
FG1o4mesGySm75KGqid2E55rYXk1cBpexzGTNYVdpump,0,0.000116,0.0001549,300,27550.55,92774.34,187804.8,1.5,63.46,210.0,0.5253044933603955,0.531013214059596,1.1322562382963899,6876,116041.0,0.23742082335191161
47Zt41WWYxnVuvgckhFA43Xwpq8fSqQvRcsCf6hHpump,0,6.029e-05,9.516e-05,300,19610.82,21031.26,41679.36,1.5,34.8,62.86,0.7848785776472504,0.7907675622227945,3.779373650775978,15396,60298.0,0.3252316772491347
VDoRrZix72Er41foJAdKrwFqYNozPbktuPa4Xy1A7Au,0,0.004629,0.00464,300,204111.06,0.0,332.96,1.5,0.0,0.26,0.0,0.452821644874625,0.8275576704251577,0,0.0,203907.15284715287
FSu3og1HvNoNb4VhgmwKfoEYaPHncz7iX3j6HAXNpump,0,2.344e-06,2.348e-06,300,3997.58,0.0,64398.9,1.5,-0.23,-97.77,0.0,0.0837083600735039,0.091355586394108,12,2344.0,1.7054514908483398
3kKD1N2NdFb8gKissQjt8wgeoVewh6puKRWE8chmpump,0,1.626e-05,1.626e-05,300,10231.86,0.55,2332.51,1.5,1.13,48.29,0.9995002498750625,0.6166563890601824,1.6086257119255685,24,16267.0,0.6289948589786157
GEeEMpsLUSf5NQF5wAAR5r9mKF7Q6acRzxcPr8awpump,0,0.0001083,0.0001759,300,27210.43,28537.17,398441.91,1.5,-20.23,16.26,0.5995302118730401,0.7823630516203833,3.5948080390087735,5124,108336.0,0.25116701510885564
CdmVGYjAkba7n1junJiQnBCfbWtXBPZXUZ4Mqhz4pump,0,2.326e-06,2.326e-06,300,4020.71,3194.33,259859.77,1.5,-75.52,-98.13,0.042622880946096814,0.8349353142185721,5.058231021771433,7320,2327.0,1.7278505681776672
9URgtzxdQKefqTkP9EXusWPFDNENtKaLSjEcmETmpump,0,1.745e-05,1.745e-05,300,10513.44,692.0,25267.48,1.5,2.29,-53.0,0.31914214591178913,0.5149753478499055,1.061750873006229,564,17367.0,0.6053687680446382
13B2d6mPB43Mm4aUc8n67BbymkTpJCEvXnE14bvBpump,0,5.747e-06,6.212e-06,300,6062.59,440.4,45624.32,1.5,-20.35,-83.08,0.1999866675554963,0.5229957141946687,1.096417222565809,180,5687.0,1.0660434207766096
5DzA6p23UJEuPjEuXCbyNS5dLKQorro9WmazZHNrbonk,0,3.259e-06,3.264e-06,300,5066.43,122.79,12676.07,1.5,-9.32,-66.65,0.1999600079984003,0.5075462121769582,1.0306473921555857,60,3259.0,1.5545960249782065
HfyevJVA9iEa1b6mESzoAGupzRCc7Ht4WBXEfkSnpump,0,2.175e-05,3.421e-05,300,11817.61,1509.65,112189.94,1.5,21.12,-41.24,0.6206789538111412,0.5731174321352108,1.3425646191219978,696,21755.0,0.543213489165089
A5Kff1PFfrccpyW5pw79waB6KrK98TZm8vNnmmrWpump,0,2.448e-06,2.95e-06,300,4078.5,33.05,387042.8,1.5,-1.4,-93.41,0.07142346975216056,0.5440809324122642,1.1933717431275517,168,2448.0,1.666053240991323
526VE3BG8KRNLH85wVsvXBUpvfdzWQ2bxn9ZKXJfpump,0,1.41e-05,1.643e-05,300,9683.79,4761.41,229169.66,1.5,-46.06,-67.59,0.5630204788195057,0.5466710360202348,1.2059036140577069,1428,14109.0,0.686355469107983
B3jXaehqRJpLAj971pjTF8u21ZcV829BcKTZP3PGb7Xh,1,4.08e-05,0.0001738,300,16092.36,10546.73,10546.73,1.5,7.97,7.97,0.5797841500843081,0.5797841500843081,1.3797293705142972,2256,40803.0,0.39439157918801127
9erfJEY2ChwchADMK2J2fg9Gvbw5X1zxLpkAoYgzpump,0,6.633e-06,6.692e-06,300,6556.11,188.39,8918.08,1.5,-5.7,-18.66,0.30766864087377893,0.48492340471506357,0.9414588221520871,156,6633.0,0.9884078111853141
FG1o4mesGySm75KGqid2E55rYXk1cBpexzGTNYVdpump,0,4.963e-05,4.963e-05,300,18745.93,30311.81,664233.45,1.5,16.42,32.73,0.5088321242681122,0.5452155583062057,1.198843910041449,3396,49639.0,0.3776451907241244
47Zt41WWYxnVuvgckhFA43Xwpq8fSqQvRcsCf6hHpump,0,2.096e-06,2.262e-06,300,3697.71,61.16,157960.46,1.5,-2.67,-94.34,0.3749531308586427,0.7014551271651742,2.3495802172200237,96,2097.0,1.7633324924499318
VDoRrZix72Er41foJAdKrwFqYNozPbktuPa4Xy1A7Au,0,0.004637,0.004637,300,204436.26,1.72,30.18,1.5,0.04,0.6,0.0,0.7691716021844474,3.332222592469177,24,0.0,204232.027972028
3kKD1N2NdFb8gKissQjt8wgeoVewh6puKRWE8chmpump,0,1.094e-05,1.145e-05,300,8393.95,225.2,2416.09,1.5,-9.85,-25.38,0.0,0.5624912110748269,1.2856683689868218,36,10942.0,0.7671311673248796
GEeEMpsLUSf5NQF5wAAR5r9mKF7Q6acRzxcPr8awpump,0,3.996e-06,3.996e-06,300,5295.73,31194.93,376738.45,1.5,-96.89,-96.47,0.1716979512283479,0.5661597272468898,1.304995784863615,12720,3996.0,1.3252574261117551
CdmVGYjAkba7n1junJiQnBCfbWtXBPZXUZ4Mqhz4pump,0,2.058e-06,2.065e-06,300,3782.16,2.93,39324.2,1.5,0.19,-94.59,0.9996667777407531,0.6435556599082688,1.805487105623979,36,2059.0,1.8368908028699351
13B2d6mPB43Mm4aUc8n67BbymkTpJCEvXnE14bvBpump,0,5.183e-06,5.185e-06,300,5755.41,31.75,7639.97,1.5,-0.4,-31.2,0.5998800239952009,0.4876012909037566,0.9516052289900887,60,4909.0,1.172419805984965
5DzA6p23UJEuPjEuXCbyNS5dLKQorro9WmazZHNrbonk,0,3.222e-06,3.338e-06,300,5040.83,9.46,932.03,1.5,-0.91,-19.6,0.0,0.3650735702607895,0.574985625359366,12,3223.0,1.5640175103886098
HfyevJVA9iEa1b6mESzoAGupzRCc7Ht4WBXEfkSnpump,0,1.992e-05,2.274e-05,300,11309.77,984.4,60578.6,1.5,-7.6,-45.64,0.4073923188030073,0.5350721535813603,1.1508713829533879,324,19923.0,0.5676740165801327
A5Kff1PFfrccpyW5pw79waB6KrK98TZm8vNnmmrWpump,0,2.237e-06,2.237e-06,300,3896.79,0.09,219205.11,1.5,-0.03,-97.05,0.0,0.4757025280529214,0.9073141746922972,12,2214.0,1.7600669557059818
526VE3BG8KRNLH85wVsvXBUpvfdzWQ2bxn9ZKXJfpump,0,1.119e-05,1.14e-05,300,8626.07,600.29,62675.66,1.5,-8.66,-75.66,0.3792972656115306,0.5130191063606059,1.0534686536192792,348,10414.0,0.8283146890421846
B3jXaehqRJpLAj971pjTF8u21ZcV829BcKTZP3PGb7Xh,0,0.0001901,0.0002273,300,35675.81,48326.04,369994.4,1.5,43.03,403.0,0.541164115297073,0.5907760865268744,1.4436499605140294,11952,190116.0,0.1876528530599589
FG1o4mesGySm75KGqid2E55rYXk1cBpexzGTNYVdpump,0,1.942e-06,2.067e-06,300,3708.84,0.0,428733.66,1.5,0.0,-97.31,0.0,0.506541259127387,1.0265118786459018,0,1943.0,1.9088204277815606
47Zt41WWYxnVuvgckhFA43Xwpq8fSqQvRcsCf6hHpump,0,1.89e-06,1.89e-06,300,3506.65,28.53,90223.61,1.5,-5.98,-97.42,0.0,0.36345839702297983,0.5709892257208852,12,1890.0,1.8553693886934453
VDoRrZix72Er41foJAdKrwFqYNozPbktuPa4Xy1A7Au,0,0.004626,0.004626,300,203967.56,0.0,46.95,1.5,0.0,-0.07,0.0,0.599970001499925,1.4998125234345707,0,0.0,203763.79620379623
XWNtwTr77U1NQKs1WK8CCbLNku6Je5v3LuVgaQXpump,0,6.1e-05,6.271e-05,300,19971.35,5534.2,99383.58,1.5,32.98,30.15,0.7029668169959554,0.6632941311115614,1.9699512019237542,2424,60997.0,0.32741527735109466
3kKD1N2NdFb8gKissQjt8wgeoVewh6puKRWE8chmpump,0,1.038e-05,1.038e-05,300,8172.91,0.0,1359.18,1.5,0.0,-36.2,0.0,0.5744558626412204,1.3499325033748313,0,10380.0,0.7873708297330607
GEeEMpsLUSf5NQF5wAAR5r9mKF7Q6acRzxcPr8awpump,0,2.065e-06,2.065e-06,300,3808.62,0.66,176988.66,1.5,0.01,-98.16,0.0,0.21373399610532282,0.27183420756667126,12,2066.0,1.8434744223260295
CdmVGYjAkba7n1junJiQnBCfbWtXBPZXUZ4Mqhz4pump,0,2.037e-06,2.037e-06,300,3762.44,0.0,113.68,1.5,0.0,-9.62,0.0,0.40907231489477747,0.6922544419660026,0,2037.0,1.8470486759702132
9zP4tpR3sGc14ZBMvdLMaRK3egrYaGhVzyLyYiT8pump,0,2.884e-05,4.323e-05,300,13506.92,12946.47,12946.47,1.5,-19.63,-19.63,0.6363617702000874,0.6363617702000874,1.749985887210587,4092,28847.0,0.46822614246798133
6PkBndNvNSYaPQJSJpZtUQ4Q1fY2VPKQh2NaZvmtpump,0,0.0001635,0.0001635,300,32965.7,91381.34,307624.6,1.5,57.61,262.0,0.5168341467438607,0.5520377712553338,1.2323310668453473,7128,163554.0,0.20155850543821302
93vYtnP4iS6GgujbkLKoPDwpML5uEBQFh5843KKWpump,0,6.384e-05,6.736e-05,300,20228.68,30359.3,136998.59,1.5,50.05,72.57,0.5091231585343823,0.4256197370018969,0.7410068980787777,6576,63843.0,0.3168503936711872
5DzA6p23UJEuPjEuXCbyNS5dLKQorro9WmazZHNrbonk,0,3.14e-06,3.14e-06,300,4991.28,217.72,754.65,1.5,-3.22,2.41,0.2499375156210947,0.5675522283181536,1.3124179738766326,48,3141.0,1.5890730375444004
HfyevJVA9iEa1b6mESzoAGupzRCc7Ht4WBXEfkSnpump,0,1.318e-05,1.423e-05,300,9205.39,731.74,20409.67,1.5,25.87,-57.74,0.8076612437983154,0.5354049474871373,1.1524120728175733,312,13180.0,0.6984362140791947
A5Kff1PFfrccpyW5pw79waB6KrK98TZm8vNnmmrWpump,0,1.932e-06,1.944e-06,300,3623.57,0.11,648.27,1.5,-4.55,-10.23,0.0,0.4324207453852599,0.7618684824532165,12,1912.0,1.8951716029437224
526VE3BG8KRNLH85wVsvXBUpvfdzWQ2bxn9ZKXJfpump,0,7.477e-06,7.727e-06,300,7052.86,539.66,12222.45,1.5,-2.59,-42.43,0.49997222376534634,0.4948655136231753,0.9796708143462831,216,6957.0,1.013778781978039
9auHzZ7dkZctwR6VFKi6osodWVD66siZMMfFWpgAbonk,0,4.04e-05,5.754e-05,300,18337.23,12909.53,12909.53,1.5,41.52,41.52,0.5822349268587933,0.5822349268587933,1.3936898134660356,3648,40405.0,0.4538356526708167
FG1o4mesGySm75KGqid2E55rYXk1cBpexzGTNYVdpump,0,1.972e-06,1.972e-06,300,3733.27,19.54,404.19,1.5,-1.31,4.25,0.0,0.38460798830791715,0.6249804693603326,12,1973.0,1.8921784631634753
47Zt41WWYxnVuvgckhFA43Xwpq8fSqQvRcsCf6hHpump,0,1.827e-06,1.827e-06,300,3449.43,0.0,471.98,1.5,0.0,-15.09,0.0,0.0035030979511996895,0.0035154127865298034,0,1828.0,1.8869956854509378
VDoRrZix72Er41foJAdKrwFqYNozPbktuPa4Xy1A7Au,0,0.004624,0.004628,300,203901.42,1.71,31.32,1.5,0.07,-0.27,0.0,0.555524693072607,1.249843769528809,12,0.0,203697.72227772232
3hDn93kh8m9VBJgesbhPoFGfSt6H1eYRAMXDbTfEpump,0,2.778e-05,3.375e-05,300,13268.09,18060.83,58175.4,1.5,-5.63,-25.01,0.5590705504840707,0.5649827845233775,1.2987595994433445,5688,27787.0,0.4774926952354448
XWNtwTr77U1NQKs1WK8CCbLNku6Je5v3LuVgaQXpump,0,2.679e-05,4.025e-05,300,13263.46,1774.92,66031.68,1.5,-1.15,-26.25,0.5774566555400628,0.669073632509077,2.0218202544027544,852,26797.0,0.4949606114505127
3kKD1N2NdFb8gKissQjt8wgeoVewh6puKRWE8chmpump,0,1.038e-05,1.038e-05,300,8172.91,0.0,177.4,1.5,0.0,-9.36,0.0,0.0,0.0,0,10380.0,0.7873708297330607
41XKd9sWdU6fxVtZ3RPKWRWWNmXJmnvgwTj6vJy8pump,0,4.35e-05,6.623e-05,300,16610.27,16903.88,16903.88,1.5,17.52,17.52,0.5558643690939411,0.5558643690939411,1.2515644555694618,4296,43503.0,0.381818946237755
GpmmQBjXxoppbELykD2PGQ4wwVR74o5sSZXVW6hVpump,0,3.02e-05,3.333e-05,300,13828.6,1501.94,4936.46,1.5,-18.95,-17.05,0.24443901246638966,0.3727788592966905,0.5943340157168329,540,30205.0,0.4578248482759527
9zP4tpR3sGc14ZBMvdLMaRK3egrYaGhVzyLyYiT8pump,0,1.056e-05,1.085e-05,300,8210.06,1268.33,90484.0,1.5,13.18,-70.57,0.4714218368309024,0.588543280285267,1.4303892781075738,840,10563.0,0.7772469206431013
6PkBndNvNSYaPQJSJpZtUQ4Q1fY2VPKQh2NaZvmtpump,0,2.197e-06,2.197e-06,300,3906.41,85.09,561907.09,1.5,4.79,-95.13,0.36360330879011,0.5362347492845926,1.1562633217072502,132,2198.0,1.7772557883276665
93vYtnP4iS6GgujbkLKoPDwpML5uEBQFh5843KKWpump,0,1.063e-05,1.063e-05,300,8300.91,1830.52,208735.83,1.5,-22.17,-71.26,0.3934361731774889,0.46265211210067253,0.8609917755689602,732,10634.0,0.7806008293585829
A5Kff1PFfrccpyW5pw79waB6KrK98TZm8vNnmmrWpump,0,1.877e-06,1.877e-06,300,3575.24,0.95,357.59,1.5,0.59,-16.06,0.9990009990009991,0.2222098772290428,0.28569387900864224,12,1859.0,1.9232049902071058
eXJeVGnHzCKduTWfFSsqVH5ph8wvWDJwmZkbK7epump,0,0.002542,0.002872,300,127145.27,26996.87,110088.51,1.5,5.32,4596.0,0.5326224598901999,0.5090554627893069,1.0368899625230814,9012,2542761.0,0.05000283941353401
EuBL3ZEuEnf3QLD4sn5AK69RayiDAETfuLTnbbJ8pump,0,9.006e-05,0.0001106,300,24374.12,34084.1,204153.91,1.5,33.98,143.0,0.6842095786570933,0.751966718019313,3.0317170019056747,8664,90067.0,0.2706220894376176
DWjqyaKem13MqSHDa6wAaDrK5SKhzDjSCxEATLBXbonk,1,8.739e-05,0.0002027,300,26678.83,23808.49,213150.51,1.5,17.11,143.0,0.5265809453646954,0.5493146373141682,1.2188428619925913,4740,87391.0,0.30528120395371144
9auHzZ7dkZctwR6VFKi6osodWVD66siZMMfFWpgAbonk,0,5.319e-05,5.319e-05,300,23319.5,10542.33,184643.87,1.5,4.55,86.33,0.602800921491021,0.5837045228719451,1.402139958134578,2568,53197.0,0.43836117754081666
6hYEXfCtD8DmF1ZsT9HotHYhTvT9RQ3WSYSar1Tspump,0,8.911e-05,9.96e-05,300,23918.98,49677.78,74389.52,1.5,71.82,141.0,0.8858566925992726,0.8783011708179257,7.217005921263998,31224,89116.0,0.2684027529466902
3hDn93kh8m9VBJgesbhPoFGfSt6H1eYRAMXDbTfEpump,0,5.424e-06,7.256e-06,300,5871.29,1722.33,101342.41,1.5,-45.77,-85.36,0.4179042103849196,0.5651280119220472,1.2995272802458488,804,5424.0,1.0824647709320112
3TTcdhcL8oYm2HhgDuXk7QzSEUABAh9MT5QfGzjppump,0,6.517e-05,9.697e-05,300,20600.22,27366.13,137632.26,1.5,21.34,76.16,0.7192043454247081,0.7078710554852433,2.423145904494533,9060,65179.0,0.3160560868369247
XWNtwTr77U1NQKs1WK8CCbLNku6Je5v3LuVgaQXpump,0,3.049e-05,4.935e-05,300,14160.81,589.44,32606.35,1.5,-5.35,-42.43,0.5151359049725767,0.6322236145152237,1.7190435260868429,396,30489.0,0.4644563460770656
41XKd9sWdU6fxVtZ3RPKWRWWNmXJmnvgwTj6vJy8pump,0,4.476e-05,5.307e-05,300,16930.79,2047.21,65662.49,1.5,28.73,20.92,0.611099794448251,0.5106517039046456,1.043534243358518,648,44761.0,0.3782486901935013
GpmmQBjXxoppbELykD2PGQ4wwVR74o5sSZXVW6hVpump,0,2.385e-05,2.44e-05,300,12282.54,71.38,7262.62,1.5,-1.26,-34.49,0.0,0.37762105726903056,0.6067381643923349,12,23854.0,0.5149048161773784
6PkBndNvNSYaPQJSJpZtUQ4Q1fY2VPKQh2NaZvmtpump,0,1.803e-06,1.998e-06,300,3535.11,0.0,202486.76,1.5,0.0,-98.3,0.0,0.48940652044146166,0.9585052297663592,0,1803.0,1.9606811088845764
93vYtnP4iS6GgujbkLKoPDwpML5uEBQFh5843KKWpump,0,3.524e-06,3.909e-06,300,4775.25,14.94,57847.04,1.5,0.33,-93.7,0.49975012493753124,0.5105676944731212,1.0431834774851856,24,3524.0,1.3550648822176838
8k4UpSSdBpySY9ryQpyEugwXDmzwFdPHYi1uKH9cbonk,1,1.915e-05,0.0001695,300,11343.48,27123.34,27123.34,1.5,-48.19,-48.19,0.6587968695346148,0.6587968695346148,1.9308054666322854,5592,19154.0,0.5922250917706436
61q4dtc5SU4z86vzfd3u6fLoTCL9WfErmoveNH3dpump,0,3.421e-05,4.42e-05,300,14729.11,331.06,12104.09,1.5,1.95,-7.82,0.3749531308586427,0.5194782706568369,1.0810713416996243,96,34215.0,0.4304869083592896
AFLdcDHReSfYPhfGZrFqWd657rQv2PNg92SRr5unbonk,0,0.00569,0.00569,300,3067.27,58.06,58.96,1.5,43271.0,86220.0,0.6665555740709881,0.7499062617172854,2.9985007496251876,72,5690039.0,0.0005390595740136299
eXJeVGnHzCKduTWfFSsqVH5ph8wvWDJwmZkbK7epump,0,0.002892,0.003371,300,135999.23,28906.05,319261.67,1.5,2.15,5243.0,0.5728733342645056,0.5405203657218787,1.176375023826853,5928,2892750.0,0.04701382074254124
EuBL3ZEuEnf3QLD4sn5AK69RayiDAETfuLTnbbJ8pump,0,8.715e-05,0.0001234,300,24413.92,17888.44,420532.0,1.5,-14.21,136.0,0.6288324268943961,0.6926888856643264,2.254031349180907,3912,87157.0,0.280114273321543
DWjqyaKem13MqSHDa6wAaDrK5SKhzDjSCxEATLBXbonk,0,9.193e-05,9.193e-05,300,29524.02,9644.02,414400.51,1.5,-13.74,156.0,0.6453450852029929,0.557978849148328,1.2623351802809264,2064,91933.0,0.32114713627155494
9auHzZ7dkZctwR6VFKi6osodWVD66siZMMfFWpgAbonk,0,5.272e-05,5.358e-05,300,23577.1,2773.65,144083.84,1.5,30.05,13.68,0.44185532726363647,0.5461732431027272,1.2034840052993123,1032,52728.0,0.4471457205441943
mhfBXSCVubSpmH9XizCsKzhZRFXRi8ZCg8KaCuxpump,0,7.564e-05,0.0001147,300,22670.02,52256.05,351933.23,1.5,-0.87,104.0,0.608887535805476,0.5895565909057101,1.4363894701261315,5400,75648.0,0.2996777138896241
6hYEXfCtD8DmF1ZsT9HotHYhTvT9RQ3WSYSar1Tspump,0,1.854e-06,1.855e-06,300,3483.79,17.19,185419.48,1.5,-1.66,-94.99,0.0,0.540985697731148,1.1785813536901166,36,1855.0,1.878052895928358
CjDnHiHCBTzPvhzYjsuE9g8uoM1BppNUXHs17X6Vbonk,1,2.618e-05,5.506e-05,300,13100.27,14549.43,14549.43,1.5,-29.26,-29.26,0.6209251785159888,0.6209251785159888,1.638001638001638,6996,26180.0,0.5003922650728699
3hDn93kh8m9VBJgesbhPoFGfSt6H1eYRAMXDbTfEpump,0,5.744e-06,8.045e-06,300,6052.82,54.2,25889.73,1.5,-1.81,-71.69,0.428510212826739,0.5272721946745509,1.1153822320892477,84,5745.0,1.0535803213959405
3TTcdhcL8oYm2HhgDuXk7QzSEUABAh9MT5QfGzjppump,0,2.818e-06,2.91e-06,300,4303.05,2.44,182933.38,1.5,-0.59,-92.38,0.0,0.4883998670259142,0.9546515638819297,24,2818.0,1.5269866831133132
41XKd9sWdU6fxVtZ3RPKWRWWNmXJmnvgwTj6vJy8pump,0,4.309e-05,4.775e-05,300,16632.01,1011.2,32664.74,1.5,-7.33,10.45,0.35293079615305434,0.501757911186505,1.0070564539848141,408,43098.0,0.3859114022480996
GpmmQBjXxoppbELykD2PGQ4wwVR74o5sSZXVW6hVpump,0,2.44e-05,2.44e-05,300,12437.31,93.61,2303.91,1.5,3.36,-26.45,0.9996667777407531,0.22580463060781766,0.29166362850386973,36,24406.0,0.5096004871916542
8k4UpSSdBpySY9ryQpyEugwXDmzwFdPHYi1uKH9cbonk,0,7.373e-05,0.000106,300,26055.85,12904.26,395661.8,1.5,-11.61,99.45,0.6018072316414858,0.5691173203400095,1.3208173528560025,2652,73740.0,0.3533475677604072
CHoTdUfzM4aAQeXx9RULCAnuPfhJoF2GuE6qBHsVbonk,0,8.582e-05,9.504e-05,300,30449.93,53994.94,307722.74,1.5,28.27,201.0,0.4903636756861701,0.4989176814234738,0.9956800767602384,16812,85823.0,0.3547991755729912
5aPmZ8QqDYaJ9rtMTfWzsPMxqxwgRforQWa8ogcabonk,0,2.932e-05,3.297e-05,300,15578.53,42298.81,176801.18,1.5,-22.31,-15.14,0.33940942759598297,0.4716444638801311,0.8926649417621099,13824,29320.0,0.5313277444976895
927pdppLekfgaVsS49gFcJhz8vpeHSHuHKSWo4Nqpump,1,7.15e-05,0.0002909,300,21420.05,64511.71,64511.71,1.5,92.92,92.92,0.577643977761457,0.577643977761457,1.3676707501407637,15996,71501.0,0.2995769248041716
61q4dtc5SU4z86vzfd3u6fLoTCL9WfErmoveNH3dpump,0,2.587e-05,2.587e-05,300,12812.98,55.93,11683.34,1.5,-1.37,-18.4,0.0,0.5256387793214559,1.108098125242115,36,25870.0,0.49528332063071817
eXJeVGnHzCKduTWfFSsqVH5ph8wvWDJwmZkbK7epump,0,0.003264,0.0035,300,144773.44,25938.55,333011.51,1.5,-0.9,22.46,0.557821864349514,0.5470441671611422,1.2077207698874186,5292,3264344.0,0.04434993369438088
EuBL3ZEuEnf3QLD4sn5AK69RayiDAETfuLTnbbJ8pump,0,2.247e-06,2.522e-06,300,3940.5,127.16,241105.89,1.5,-3.93,-96.85,0.29997000299970006,0.5637297153771628,1.2921570302788699,120,2248.0,1.7528906793190926
DWjqyaKem13MqSHDa6wAaDrK5SKhzDjSCxEATLBXbonk,0,8.702e-05,0.000151,300,29515.89,5365.06,206662.85,1.5,3.57,-38.0,0.6722632582919471,0.5695178981786782,1.322976950189361,1428,87030.0,0.3391461526008715
mhfBXSCVubSpmH9XizCsKzhZRFXRi8ZCg8KaCuxpump,0,3.778e-06,3.929e-06,300,5144.97,36.65,562869.81,1.5,-2.86,-89.8,0.1249843769528809,0.5541560715804117,1.2429373515184214,96,3778.0,1.3618233557905357
6hYEXfCtD8DmF1ZsT9HotHYhTvT9RQ3WSYSar1Tspump,0,1.789e-06,1.791e-06,300,3419.77,0.0,52570.25,1.5,-0.12,-97.62,0.0,0.27331708106626335,0.3761160114610951,12,1790.0,1.910484966209516
CjDnHiHCBTzPvhzYjsuE9g8uoM1BppNUXHs17X6Vbonk,0,7.208e-06,7.448e-06,300,7783.95,1642.41,117524.91,1.5,-22.24,-80.52,0.5753345844577471,0.5545313196524363,1.244826727705705,876,7208.0,1.0799041232097497
3TTcdhcL8oYm2HhgDuXk7QzSEUABAh9MT5QfGzjppump,0,1.82e-06,2.037e-06,300,3456.06,0.0,2044.71,1.5,0.0,-15.71,0.0,0.021088421028285016,0.021542723041888086,0,1820.0,1.8989330225642733
7phbaH6UeyFJmjdPoyiaQAHX3B1gRtnCVZL7HZNtbonk,0,5.772e-05,8.415e-05,300,22467.4,988.54,59521.57,1.5,-10.11,97.08,0.014771026926104984,0.3247522608895968,0.4809379462972177,8124,57729.0,0.3891874033988567
41XKd9sWdU6fxVtZ3RPKWRWWNmXJmnvgwTj6vJy8pump,0,4.71e-05,5.043e-05,300,17387.56,4184.35,19825.26,1.5,72.23,-2.7,0.5999907693727788,0.5772932915620977,1.3657064816772475,780,47104.0,0.3691312761308748
GpmmQBjXxoppbELykD2PGQ4wwVR74o5sSZXVW6hVpump,0,2.264e-05,2.264e-05,300,11966.8,0.0,1096.39,1.5,0.0,-2.16,0.0,0.18571163269096155,0.22806617427764425,0,22646.0,0.5284288382748018
8k4UpSSdBpySY9ryQpyEugwXDmzwFdPHYi1uKH9cbonk,0,0.0001044,0.000105,300,31415.25,9427.65,391645.0,1.5,1.21,103.0,0.6385503701784929,0.5676528311747289,1.3129560503821411,1992,104495.0,0.30063878366774693
CHoTdUfzM4aAQeXx9RULCAnuPfhJoF2GuE6qBHsVbonk,0,2.167e-05,2.167e-05,300,17428.09,3577.61,447413.73,1.5,-19.13,-24.06,0.3944917936532692,0.5190307724627949,1.07913509377821,1308,21671.0,0.804212504996885
5aPmZ8QqDYaJ9rtMTfWzsPMxqxwgRforQWa8ogcabonk,1,1.971e-05,9.702e-05,300,13668.18,2703.4,233453.84,1.5,-11.43,-42.93,0.6551611179117601,0.4974010175364932,0.9896578283912641,696,19719.0,0.693147690392632
927pdppLekfgaVsS49gFcJhz8vpeHSHuHKSWo4Nqpump,0,0.0002987,0.0003735,300,44694.54,76472.08,395316.37,1.5,12.84,706.0,0.5150987790347031,0.5459458702777726,1.2023805853539116,13908,298764.0,0.1495981438540181
9btxdzAaJ272Y3tTQeNv3vsFyu49ymRkyqTtDwDjkrdJ,1,4.614e-05,0.0001071,300,17614.16,25160.48,38959.01,1.5,37.76,22.02,0.5706608753830494,0.5637012455513876,1.2920074600345455,6708,46143.0,0.38172983157294
61q4dtc5SU4z86vzfd3u6fLoTCL9WfErmoveNH3dpump,0,2.307e-05,2.307e-05,300,12091.12,0.0,4118.57,1.5,0.0,-44.26,0.0,0.4159255227829842,0.712110422569355,0,23070.0,0.524105742344788
eXJeVGnHzCKduTWfFSsqVH5ph8wvWDJwmZkbK7epump,0,0.00361,0.003871,300,152546.0,30013.01,334874.69,1.5,3.52,21.55,0.5553424516365427,0.5457750364666271,1.2015522709740452,6288,3610308.0,0.042252904726618086
EuBL3ZEuEnf3QLD4sn5AK69RayiDAETfuLTnbbJ8pump,0,2.392e-06,2.392e-06,300,4061.73,92.34,49110.04,1.5,-4.59,-97.57,0.0,0.4868252795156679,0.9486540550091872,24,2392.0,1.6980469489770278
mhfBXSCVubSpmH9XizCsKzhZRFXRi8ZCg8KaCuxpump,0,3.735e-06,3.735e-06,300,5113.64,0.0,143778.78,1.5,0.0,-96.04,0.0,0.45634432110342193,0.8393995295508249,0,3735.0,1.3691134219241172
6hYEXfCtD8DmF1ZsT9HotHYhTvT9RQ3WSYSar1Tspump,0,1.75e-06,1.791e-06,300,3379.69,17.9,63.85,1.5,0.42,-4.67,0.49975012493753124,0.26922041459943846,0.3684016630703647,24,1751.0,1.9301473842676276
CjDnHiHCBTzPvhzYjsuE9g8uoM1BppNUXHs17X6Vbonk,0,5.886e-06,7.116e-06,300,7129.79,44.64,63427.18,1.5,-2.59,-88.46,0.0,0.5112689731500752,1.0461152352970446,24,5886.0,1.2113130799671967
3TTcdhcL8oYm2HhgDuXk7QzSEUABAh9MT5QfGzjppump,0,1.834e-06,1.837e-06,300,3470.14,1.76,786.83,1.5,-0.05,-35.65,0.49975012493753124,0.35998560057597695,0.5624648459471283,24,1834.0,1.892114562642005
Hp3GZg4bR2FEZA5uamuHk44aaTUDiBR8h52JKhRJpump,0,3.206e-05,4.873e-05,300,14251.58,2725.22,2725.22,1.5,-13.29,-13.29,0.7164072178027193,0.7164072178027193,2.5261828324825006,804,32063.0,0.44448677776606127
7phbaH6UeyFJmjdPoyiaQAHX3B1gRtnCVZL7HZNtbonk,0,7.711e-05,0.0001505,300,26137.67,147.24,42445.73,1.5,1.62,57.26,0.5998800239952009,0.23462193794205805,0.3065438501218713,60,77118.0,0.3389308548078158
8rAndzZZR2ZSWoxxfiy7q5635RQGxAzVDvoqkgdepump,0,0.001898,0.001999,300,110027.8,52394.2,181127.52,1.5,-1.28,3410.0,0.5611422158374676,0.5258101663234794,1.1088600576835077,10500,1898894.0,0.057943097372500474
8k4UpSSdBpySY9ryQpyEugwXDmzwFdPHYi1uKH9cbonk,0,5.432e-05,7.136e-05,300,23664.71,2113.42,71576.56,1.5,4.16,-30.18,0.758607610213617,0.6008936137333246,1.5055975910438544,696,54325.0,0.43561361370246454
CHoTdUfzM4aAQeXx9RULCAnuPfhJoF2GuE6qBHsVbonk,0,1.291e-05,1.299e-05,300,14216.26,1027.39,82995.0,1.5,-3.93,-78.9,0.5277631176911752,0.5791380593478188,1.376076103366268,432,12916.0,1.1006704010010528
927pdppLekfgaVsS49gFcJhz8vpeHSHuHKSWo4Nqpump,0,0.0003454,0.0004762,300,49143.77,22598.36,758316.9,1.5,18.88,305.0,0.5781231933650208,0.5525423235912289,1.234848238666619,3840,333605.0,0.14731125088859204
5aPmZ8QqDYaJ9rtMTfWzsPMxqxwgRforQWa8ogcabonk,0,6.866e-05,7.113e-05,300,25100.81,4344.63,81922.41,1.5,-18.75,331.0,0.2459006315547887,0.48066569244592244,0.9255419591086256,2928,68665.0,0.3655546440609533
9btxdzAaJ272Y3tTQeNv3vsFyu49ymRkyqTtDwDjkrdJ,0,8.952e-05,9.779e-05,300,26344.44,12637.09,194057.51,1.5,-15.95,137.0,0.5727246694333208,0.5827441913857686,1.396611333755062,2640,89521.0,0.29428223216583554
61q4dtc5SU4z86vzfd3u6fLoTCL9WfErmoveNH3dpump,0,2.289e-05,2.289e-05,300,12050.78,0.0,217.46,1.5,0.0,-4.06,0.0,0.181801654395055,0.22219753360737698,0,22895.0,0.5263498350578801
eXJeVGnHzCKduTWfFSsqVH5ph8wvWDJwmZkbK7epump,0,0.003705,0.004013,300,155121.06,25029.04,369894.1,1.5,-0.56,14.8,0.5576457467158901,0.5609252795238029,1.277516680795135,5100,3705680.0,0.0418603495062012
mhfBXSCVubSpmH9XizCsKzhZRFXRi8ZCg8KaCuxpump,0,3.686e-06,3.69e-06,300,5087.09,0.0,239.29,1.5,0.0,-2.01,0.0,0.3684016630703647,0.5832847262728106,0,3686.0,1.3801108572678087
6hYEXfCtD8DmF1ZsT9HotHYhTvT9RQ3WSYSar1Tspump,0,1.775e-06,1.775e-06,300,3410.25,0.0,56.71,1.5,0.0,-0.89,0.0,0.3333148158435642,0.49995833680526625,0,1776.0,1.9201847296257153
CjDnHiHCBTzPvhzYjsuE9g8uoM1BppNUXHs17X6Vbonk,0,5.599e-06,5.599e-06,300,6991.14,15.85,3207.14,1.5,0.6,-12.29,0.4998750312421894,0.45454169800249583,0.8333207072620111,48,5599.0,1.248640605708054
3TTcdhcL8oYm2HhgDuXk7QzSEUABAh9MT5QfGzjppump,0,1.813e-06,1.819e-06,300,3455.73,0.0,45.76,1.5,0.0,0.28,0.0,0.33329630041106545,0.4999166805532411,0,1813.0,1.9060827875991244
Hp3GZg4bR2FEZA5uamuHk44aaTUDiBR8h52JKhRJpump,0,3.59e-05,3.977e-05,300,15203.42,4505.31,72790.92,1.5,11.25,-2.91,0.6530567819266535,0.6422864050918852,1.795532555190887,1764,35902.0,0.4234699898760518
7phbaH6UeyFJmjdPoyiaQAHX3B1gRtnCVZL7HZNtbonk,0,0.0001512,0.0001517,300,36987.68,7206.58,49870.9,1.5,5.56,87.66,0.5806357961968356,0.549105917174292,1.2178157533873595,744,151283.0,0.2444932990191013
8rAndzZZR2ZSWoxxfiy7q5635RQGxAzVDvoqkgdepump,0,0.001969,0.002125,300,112434.47,8240.79,239208.19,1.5,4.98,3540.0,0.6833276389363422,0.54230936364905,1.184881928048045,1440,1969267.0,0.05709457881684171
GHPXcz5imLHihjoYqGRmiUYiBVBt25bkwKvcreqGpump,0,3.346e-05,3.371e-05,300,14604.57,9170.83,85070.16,1.5,46.98,-9.66,0.624996875015625,0.5766231270029752,1.3619617975850742,2400,33465.0,0.43641325455212154
8k4UpSSdBpySY9ryQpyEugwXDmzwFdPHYi1uKH9cbonk,0,5.532e-05,7.835e-05,300,24205.79,955.74,41548.17,1.5,8.68,-26.89,0.599970001499925,0.6293768196723544,1.6981582725504658,240,55327.0,0.43750410400881845
CHoTdUfzM4aAQeXx9RULCAnuPfhJoF2GuE6qBHsVbonk,0,1.203e-05,1.203e-05,300,13914.08,113.75,9517.15,1.5,-0.67,-26.11,0.428510212826739,0.6016696332322194,1.5104789476996663,84,12035.0,1.1561345113307426
927pdppLekfgaVsS49gFcJhz8vpeHSHuHKSWo4Nqpump,0,0.0003489,0.0004043,300,49862.39,16713.7,468656.79,1.5,-7.15,-1.08,0.6448253626711633,0.5700725834090785,1.3259740165663965,3480,336988.0,0.1479648825834603
5aPmZ8QqDYaJ9rtMTfWzsPMxqxwgRforQWa8ogcabonk,0,2.601e-05,2.601e-05,300,16577.97,2640.43,91684.23,1.5,-14.32,-57.56,0.22694874504436138,0.37155398659449196,0.591226579004082,1692,26013.0,0.6372955584786238
21eg3y7QKRRPhdTSg7SNzuC2vtEp3SqZmFUfE9axpump,0,3.506e-05,6.622e-05,300,14947.11,13357.25,13357.25,1.5,-4.28,-4.28,0.5911442938950681,0.5911442938950681,1.4458506633715709,4608,35066.0,0.42625647561009317
9btxdzAaJ272Y3tTQeNv3vsFyu49ymRkyqTtDwDjkrdJ,0,4.088e-05,6.742e-05,300,19154.72,5412.22,155119.4,1.5,-15.37,-36.5,0.5439956480348157,0.5800797479004771,1.38140455241248,1500,40880.0,0.46855967542662247
61q4dtc5SU4z86vzfd3u6fLoTCL9WfErmoveNH3dpump,0,2.107e-05,2.107e-05,300,11595.3,48.62,374.41,1.5,-3.05,-8.65,0.6664445184938355,0.3999200159968006,0.6664445184938355,36,21073.0,0.5502443624427295
mhfBXSCVubSpmH9XizCsKzhZRFXRi8ZCg8KaCuxpump,0,3.684e-06,3.684e-06,300,5096.09,0.49,8.5,1.5,-0.18,-0.73,0.0,0.0,0.0,12,3684.0,1.3833030989948156
HQihdixpEgpVfBCQXGeAtpLaQpKZxTDyTqqRAv3spump,1,4.617e-05,0.0001821,300,17217.05,23051.23,39134.53,1.5,9.75,24.09,0.7665237030664147,0.7885865279421044,3.7300675319600725,11256,46175.0,0.3728651787143437
CjDnHiHCBTzPvhzYjsuE9g8uoM1BppNUXHs17X6Vbonk,0,5.566e-06,5.566e-06,300,6994.88,209.06,2020.44,1.5,14.64,-2.71,0.9996667777407531,0.4861043596616713,0.945920380530256,36,5566.0,1.2567155485599086
6bFnkDVFXC9xMVNpdL39ZR5zhCrhj6ewUfJBApjMpump,0,0.0001542,0.000214,300,31834.73,64307.42,201274.88,1.5,31.91,313.0,0.6686919928693118,0.536896571026463,1.159344840560753,7896,154281.0,0.20634251653578525
3TTcdhcL8oYm2HhgDuXk7QzSEUABAh9MT5QfGzjppump,0,1.799e-06,1.799e-06,300,3444.87,0.0,35.89,1.5,0.0,-1.93,0.0,0.3888672851508249,0.6363057903826925,0,1799.0,1.9148794247474015
7phbaH6UeyFJmjdPoyiaQAHX3B1gRtnCVZL7HZNtbonk,0,0.0001022,0.0001287,300,30774.92,427.19,54411.76,1.5,1.55,57.71,0.4999166805532411,0.5683049757650714,1.316450141560584,72,102252.0,0.30097132280081246
61sfFsswARDv3SH7uLJ3zaFNsKNgAASP2VT2wohnpump,0,0.0001959,0.0002776,300,36018.96,14072.95,261622.07,1.5,26.74,126.0,0.641021531913257,0.6117438453804195,1.5756191836284363,1872,195985.0,0.18378426826652924
8rAndzZZR2ZSWoxxfiy7q5635RQGxAzVDvoqkgdepump,0,0.002151,0.002813,300,117609.24,6865.68,100318.35,1.5,3.53,10.95,0.6907145287161988,0.6009669885326551,1.5060583241540544,1164,2151899.0,0.054653698870321656
GHPXcz5imLHihjoYqGRmiUYiBVBt25bkwKvcreqGpump,0,2.322e-05,3.147e-05,300,12176.3,3893.7,122689.17,1.5,3.42,-37.31,0.5769156805681978,0.5755673310730791,1.3560863081729007,936,23221.0,0.5243658531344105
8k4UpSSdBpySY9ryQpyEugwXDmzwFdPHYi1uKH9cbonk,0,7.151e-05,9.55e-05,300,27315.82,984.91,26649.39,1.5,-9.09,8.08,0.416649306278905,0.6216205715868723,1.6428498087062111,288,71512.0,0.38197532746986057
CHoTdUfzM4aAQeXx9RULCAnuPfhJoF2GuE6qBHsVbonk,0,9.387e-06,9.396e-06,300,12639.78,0.0,3681.52,1.5,0.0,-20.02,0.0,0.6043121991928115,1.5272449591825603,0,9387.0,1.3465195113966644
6uxDvonyfaSuQH4MaW8gtbVWpupXNLvv1jVR9aLnbonk,0,3.922e-05,4.928e-05,300,17263.74,11258.33,122241.64,1.5,52.21,6.74,0.572388645156077,0.5513985334012358,1.2291500907963255,3564,39226.0,0.4401096099497882
927pdppLekfgaVsS49gFcJhz8vpeHSHuHKSWo4Nqpump,0,0.0003408,0.0005631,300,49513.75,12211.84,279106.81,1.5,14.41,-14.58,0.5329922183136127,0.5750459081386031,1.3531953666330625,2364,329172.0,0.15041908136044657
5aPmZ8QqDYaJ9rtMTfWzsPMxqxwgRforQWa8ogcabonk,0,2.312e-05,3.238e-05,300,15899.67,442.56,43931.67,1.5,-3.84,-60.24,0.6110771623798678,0.4272093351738863,0.74583850856504,216,23130.0,0.6874046395415201
21eg3y7QKRRPhdTSg7SNzuC2vtEp3SqZmFUfE9axpump,1,8.054e-06,2.735e-05,300,7224.98,4400.83,154186.48,1.5,-37.45,-78.02,0.5822196345794018,0.5574918755024287,1.2598455138770872,2700,8054.0,0.8970671843720903
9btxdzAaJ272Y3tTQeNv3vsFyu49ymRkyqTtDwDjkrdJ,0,6.079e-05,7.583e-05,300,23112.46,6032.16,79467.04,1.5,21.72,-43.01,0.573761085883838,0.5601325181843733,1.273411973697925,732,60791.0,0.38019541741054735
61q4dtc5SU4z86vzfd3u6fLoTCL9WfErmoveNH3dpump,0,1.309e-05,1.314e-05,300,9133.95,436.97,3030.83,1.5,11.73,-42.8,0.72720661758022,0.49999074091220536,0.9999629643346543,132,13097.0,0.6974077500643087
mhfBXSCVubSpmH9XizCsKzhZRFXRi8ZCg8KaCuxpump,0,1.994e-06,2.165e-06,300,3748.32,0.0,810.93,1.5,0.0,-45.92,0.0,0.09999000099990002,0.11109876680368849,0,1994.0,1.8797984554671738
HQihdixpEgpVfBCQXGeAtpLaQpKZxTDyTqqRAv3spump,0,0.0001922,0.0002639,300,35710.48,41164.41,237958.71,1.5,34.53,417.0,0.7364057489293748,0.7900258614435449,3.7624912614232877,10152,192276.0,0.18572510253112662
CjDnHiHCBTzPvhzYjsuE9g8uoM1BppNUXHs17X6Vbonk,0,4.333e-06,4.337e-06,300,6254.7,2.12,1225.1,1.5,0.14,-22.15,0.9990009990009991,0.4545351242017227,0.83329861255781,12,4334.0,1.4431699485071645
Hz37qjR8d1XG9iiHsedtEeAw7q9ukqXNqgGM4d5Ebonk,0,2.012e-05,2.136e-05,300,12122.42,6435.39,54831.42,1.5,46.96,-47.07,0.6417862553264527,0.5781355444039633,1.3704296172265495,1608,20122.0,0.6024460489789261
6bFnkDVFXC9xMVNpdL39ZR5zhCrhj6ewUfJBApjMpump,0,1.66e-05,1.66e-05,300,10799.25,105499.48,711743.57,1.5,-89.06,-55.58,0.5687432554468295,0.5709464203906719,1.3307112387001718,12132,16605.0,0.6503612977801085
